layer,arm,midpoint,n_significant,frac_significant,n_young,n_old,min_p,median_abs_d,max_abs_d
plasma_transcriptome,loess_deswan,40.0,6339,0.7408835904628331,20,20,6.795615128173358e-08,1.5730054084576346,5.847890318357356
plasma_transcriptome,loess_deswan,41.0,6561,0.7668302945301543,20,20,6.795615128173358e-08,1.657649374446959,5.939865181006499
plasma_transcriptome,loess_deswan,42.0,6951,0.8124123422159888,20,20,6.795615128173358e-08,1.8063007224111103,5.697308415862227
plasma_transcriptome,loess_deswan,43.0,7102,0.8300607760635811,20,20,6.795615128173358e-08,1.9325148796991034,5.803021716495312
plasma_transcriptome,loess_deswan,44.0,7072,0.8265544647031323,20,20,6.795615128173358e-08,1.974769693165038,6.047515935377829
plasma_transcriptome,loess_deswan,45.0,6932,0.8101916783543712,20,20,6.795615128173358e-08,1.936094218418206,6.387022225623477
plasma_transcriptome,loess_deswan,46.0,6647,0.7768817204301075,20,20,6.795615128173358e-08,1.8512719612373743,6.34763030353406
plasma_transcriptome,loess_deswan,47.0,6362,0.7435717625058439,20,20,6.795615128173358e-08,1.7630113438317152,6.3354610568513765
plasma_transcriptome,loess_deswan,48.0,6196,0.7241701729780271,20,20,6.795615128173358e-08,1.6733695011814345,6.523969198180714
plasma_transcriptome,loess_deswan,49.0,6086,0.7113136979897148,20,20,6.795615128173358e-08,1.5448610272146381,7.164026276154769
plasma_transcriptome,loess_deswan,50.0,6071,0.7095605423094904,20,20,6.795615128173358e-08,1.4457150536320347,6.893300370973914
plasma_transcriptome,loess_deswan,51.0,5933,0.6934315100514259,20,20,6.795615128173358e-08,1.334772270101235,7.1048755400920305
plasma_transcriptome,loess_deswan,52.0,5589,0.6532258064516129,20,20,6.795615128173358e-08,1.2360834454191183,8.473240319912758
plasma_transcriptome,loess_deswan,53.0,5325,0.6223702664796634,20,20,6.795615128173358e-08,1.1024973718014464,8.313504889187412
plasma_transcriptome,loess_deswan,54.0,5083,0.5940860215053764,20,20,6.795615128173358e-08,0.995246560822289,7.485947837214159
plasma_transcriptome,loess_deswan,55.0,5163,0.6034361851332398,20,20,6.795615128173358e-08,1.0219651397116754,7.7994382162769105
plasma_transcriptome,loess_deswan,56.0,5519,0.6450444132772324,20,20,6.795615128173358e-08,1.1309360560122508,7.7416620929663456
plasma_transcriptome,loess_deswan,57.0,5938,0.6940158952781673,20,20,6.795615128173358e-08,1.3378252997822635,7.148334818362901
plasma_transcriptome,loess_deswan,58.0,6220,0.7269752220663862,20,20,6.795615128173358e-08,1.5393821627536253,7.394954454860222
plasma_transcriptome,loess_deswan,59.0,6272,0.7330528284244975,20,20,6.795615128173358e-08,1.6189279113392183,7.161599086893919
plasma_transcriptome,loess_deswan,60.0,6418,0.7501168770453482,20,20,6.795615128173358e-08,1.643271644186276,6.939236772850782
plasma_transcriptome,loess_deswan,61.0,6440,0.7526881720430108,20,20,6.795615128173358e-08,1.6052406842253313,6.58732238784955
plasma_transcriptome,loess_deswan,62.0,6281,0.7341047218326321,20,20,6.795615128173358e-08,1.4574549589513166,7.154553464337009
plasma_transcriptome,loess_deswan,63.0,5846,0.6832632071061243,20,20,6.795615128173358e-08,1.2748231652100914,7.009650905809209
plasma_transcriptome,loess_deswan,64.0,5159,0.6029686769518466,20,20,6.795615128173358e-08,1.1143928818525581,5.49175364001906
plasma_transcriptome,deswan_only,40.0,0,0.0,5,21,0.004201273260078927,0.23100549723692804,1.879245381418769
plasma_transcriptome,deswan_only,41.0,0,0.0,8,23,0.004072570546770514,0.2266300105279622,1.2156876715556626
plasma_transcriptome,deswan_only,42.0,0,0.0,8,24,0.006528914743482244,0.21531177039614435,1.1723576803407394
plasma_transcriptome,deswan_only,43.0,0,0.0,7,28,0.00471797811761648,0.23411612432328374,1.4467353647532766
plasma_transcriptome,deswan_only,44.0,0,0.0,7,28,0.0004926499458189831,0.24156199283976726,1.614552806720505
plasma_transcriptome,deswan_only,45.0,0,0.0,10,30,5.217601716906232e-05,0.2576568994715699,1.6077673236006007
plasma_transcriptome,deswan_only,46.0,0,0.0,14,28,0.00024361418854539912,0.2434172096930703,1.3927142625339695
plasma_transcriptome,deswan_only,47.0,0,0.0,16,30,0.00036610078830029923,0.22885067120498384,1.1809607721423463
plasma_transcriptome,deswan_only,48.0,0,0.0,18,31,0.0001004256343769708,0.22705628373560804,1.1954155080235263
plasma_transcriptome,deswan_only,49.0,0,0.0,20,32,0.0001746118715961008,0.22866271280256278,1.0923073848605176
plasma_transcriptome,deswan_only,50.0,0,0.0,21,34,0.00021673363377899281,0.19564752753042605,0.9639211581563946
plasma_transcriptome,deswan_only,51.0,0,0.0,23,37,0.000443731718393035,0.16460003636137327,0.9136247058365912
plasma_transcriptome,deswan_only,52.0,0,0.0,24,39,0.0007765166361739989,0.15203554692047358,0.8285737293410242
plasma_transcriptome,deswan_only,53.0,0,0.0,28,38,0.0009596877974021717,0.14689443091390048,0.8414644936671148
plasma_transcriptome,deswan_only,54.0,0,0.0,28,40,0.00023550454045472247,0.1438169809389509,0.99824179997029
plasma_transcriptome,deswan_only,55.0,0,0.0,30,37,0.0009126535202396922,0.1463048088193516,0.8009611858026077
plasma_transcriptome,deswan_only,56.0,0,0.0,28,37,6.311978994205104e-05,0.19557903329371365,0.9424652389911073
plasma_transcriptome,deswan_only,57.0,0,0.0,30,35,6.574494763949589e-06,0.2750917615411628,1.269901820723465
plasma_transcriptome,deswan_only,58.0,0,0.0,31,35,5.183648215350753e-05,0.24595143006393588,1.0790380509747328
plasma_transcriptome,deswan_only,59.0,0,0.0,32,33,0.0006611482350736156,0.19871133303749783,0.9164694244142857
plasma_transcriptome,deswan_only,60.0,0,0.0,34,32,0.0014955442358571267,0.15083786138170016,0.8145852694775585
plasma_transcriptome,deswan_only,61.0,0,0.0,37,24,0.000776108962176229,0.15146053534637396,0.7938792933747307
plasma_transcriptome,deswan_only,62.0,0,0.0,39,21,0.001768668017435288,0.14331439696560136,0.7618524411331687
plasma_transcriptome,deswan_only,63.0,0,0.0,38,18,0.0029424772790894653,0.18895356540988678,0.8967458024305122
plasma_transcriptome,deswan_only,64.0,0,0.0,40,16,0.0013687362639106897,0.1583354379817203,0.9240158368460707
plasma_proteomics,loess_deswan,40.0,231,0.7649006622516556,20,20,6.795615128173358e-08,1.8108541183191216,5.102003542679495
plasma_proteomics,loess_deswan,41.0,223,0.7384105960264901,20,20,6.795615128173358e-08,1.7330885479971663,5.244003876736862
plasma_proteomics,loess_deswan,42.0,232,0.7682119205298014,20,20,6.795615128173358e-08,1.7586287567469037,5.147609909140019
plasma_proteomics,loess_deswan,43.0,239,0.7913907284768212,20,20,6.795615128173358e-08,1.7662621540094903,4.640269345401093
plasma_proteomics,loess_deswan,44.0,245,0.8112582781456954,20,20,6.795615128173358e-08,1.857009449953492,5.406040253960986
plasma_proteomics,loess_deswan,45.0,244,0.8079470198675497,20,20,6.795615128173358e-08,1.8330495557688573,5.951572147786542
plasma_proteomics,loess_deswan,46.0,229,0.7582781456953642,20,20,6.795615128173358e-08,1.623381320076731,5.229353313034976
plasma_proteomics,loess_deswan,47.0,221,0.7317880794701986,20,20,6.795615128173358e-08,1.456446822815952,5.484662645496345
plasma_proteomics,loess_deswan,48.0,191,0.6324503311258278,20,20,6.795615128173358e-08,1.315528135075626,5.830568966772699
plasma_proteomics,loess_deswan,49.0,188,0.6225165562913907,20,20,6.795615128173358e-08,1.1654922312522924,5.8219066649000615
plasma_proteomics,loess_deswan,50.0,178,0.5894039735099338,20,20,6.795615128173358e-08,1.1693369101760176,5.083779831070656
plasma_proteomics,loess_deswan,51.0,180,0.5960264900662252,20,20,6.795615128173358e-08,1.1816299751363961,5.216741105518508
plasma_proteomics,loess_deswan,52.0,178,0.5894039735099338,20,20,6.795615128173358e-08,1.0555415906993035,5.798102866677549
plasma_proteomics,loess_deswan,53.0,176,0.5827814569536424,20,20,6.795615128173358e-08,1.0618145379185933,6.3377489315159865
plasma_proteomics,loess_deswan,54.0,183,0.6059602649006622,20,20,6.795615128173358e-08,1.187089765148645,5.4990623406038255
plasma_proteomics,loess_deswan,55.0,192,0.6357615894039735,20,20,6.795615128173358e-08,1.162515204145849,6.994469951499022
plasma_proteomics,loess_deswan,56.0,196,0.6490066225165563,20,20,6.795615128173358e-08,1.2267338518248319,6.715429879180942
plasma_proteomics,loess_deswan,57.0,210,0.695364238410596,20,20,6.795615128173358e-08,1.2894335108391801,6.310982825633596
plasma_proteomics,loess_deswan,58.0,205,0.6788079470198676,20,20,6.795615128173358e-08,1.3448059065423639,5.604730848470536
plasma_proteomics,loess_deswan,59.0,195,0.6456953642384106,20,20,6.795615128173358e-08,1.2766977619333386,6.096204350610698
plasma_proteomics,loess_deswan,60.0,190,0.6291390728476821,20,20,6.795615128173358e-08,1.1948372910530711,5.973992722036248
plasma_proteomics,loess_deswan,61.0,182,0.6026490066225165,20,20,6.795615128173358e-08,1.0402482634382664,5.714986224513037
plasma_proteomics,loess_deswan,62.0,181,0.5993377483443708,20,20,6.795615128173358e-08,1.0346300335554472,5.446202259116168
plasma_proteomics,loess_deswan,63.0,174,0.5761589403973509,20,20,6.795615128173358e-08,1.0288997614287427,4.943012313956266
plasma_proteomics,loess_deswan,64.0,179,0.5927152317880795,20,20,6.795615128173358e-08,1.0378398835326363,4.742198953301057
plasma_proteomics,deswan_only,40.0,0,0.0,5,22,0.007982760850078421,0.3384903684053154,1.2655643466986164
plasma_proteomics,deswan_only,41.0,0,0.0,8,25,0.0020176793104618807,0.29605084335197684,1.482492247095404
plasma_proteomics,deswan_only,42.0,0,0.0,9,25,0.009984195385497795,0.2601321156156267,1.0844199712432228
plasma_proteomics,deswan_only,43.0,0,0.0,8,29,0.007477174895623856,0.29002295388996746,1.182640695186064
plasma_proteomics,deswan_only,44.0,0,0.0,8,30,0.006160024979024791,0.28517982190111163,1.0827905823185326
plasma_proteomics,deswan_only,45.0,0,0.0,11,33,0.002002647594828116,0.21723963477501135,1.10130762390128
plasma_proteomics,deswan_only,46.0,0,0.0,15,32,0.0017010846405655442,0.18874618164807153,1.0642176703812076
plasma_proteomics,deswan_only,47.0,0,0.0,17,34,0.004139575689730239,0.18427340408350926,1.0131963824454804
plasma_proteomics,deswan_only,48.0,0,0.0,19,35,0.0011857444841069397,0.18302994689897295,1.0768957978553175
plasma_proteomics,deswan_only,49.0,0,0.0,21,36,0.0012199794137319375,0.17583831643757253,0.8884073631727903
plasma_proteomics,deswan_only,50.0,0,0.0,22,38,0.0058959555937247304,0.17444387637844516,0.7835241646165
plasma_proteomics,deswan_only,51.0,0,0.0,25,40,0.001495881357593247,0.16608846051727347,0.8317522300390027
plasma_proteomics,deswan_only,52.0,0,0.0,25,42,0.007719064035125537,0.17407996542481546,0.6573013231560741
plasma_proteomics,deswan_only,53.0,0,0.0,29,41,0.004545754551971269,0.15476241288808334,0.6885946820629716
plasma_proteomics,deswan_only,54.0,0,0.0,30,42,0.0004442808805094301,0.1819599442516508,0.8465018301492626
plasma_proteomics,deswan_only,55.0,1,0.0033112582781456954,33,38,3.0785096535465864e-05,0.16309557913820788,1.0312635867863784
plasma_proteomics,deswan_only,56.0,0,0.0,32,37,0.0006465596061525368,0.16910844381969503,0.774030390037179
plasma_proteomics,deswan_only,57.0,0,0.0,34,35,0.0006109964886072897,0.16473493074351048,0.7941672628472624
plasma_proteomics,deswan_only,58.0,0,0.0,35,35,0.0031955872550768565,0.18779605225740276,0.7392190728182149
plasma_proteomics,deswan_only,59.0,0,0.0,36,33,0.0016821766832046097,0.18472580024424512,0.782686748772219
plasma_proteomics,deswan_only,60.0,0,0.0,38,32,0.0015482972078054668,0.1568824654581162,0.7125369220012816
plasma_proteomics,deswan_only,61.0,0,0.0,40,24,0.0018503616101913473,0.17888818740490942,0.8476499124519462
plasma_proteomics,deswan_only,62.0,0,0.0,42,21,0.00225381885404045,0.1671018121801775,0.8493353685435152
plasma_proteomics,deswan_only,63.0,0,0.0,41,18,0.009074029907706681,0.1712183917171934,0.7496060662560159
plasma_proteomics,deswan_only,64.0,0,0.0,42,16,0.0017913828342503285,0.19258269946483186,0.9556629611761763
plasma_metabolomics_metabolite,loess_deswan,40.0,641,0.7874692874692875,20,20,6.795615128173358e-08,1.6665877028352303,5.31673193501203
plasma_metabolomics_metabolite,loess_deswan,41.0,618,0.7592137592137592,20,20,6.795615128173358e-08,1.6208038151939919,5.315939850914884
plasma_metabolomics_metabolite,loess_deswan,42.0,606,0.7444717444717445,20,20,6.795615128173358e-08,1.614345239160681,5.4381164379525435
plasma_metabolomics_metabolite,loess_deswan,43.0,613,0.7530712530712531,20,20,6.795615128173358e-08,1.6712376617101001,6.777554445481796
plasma_metabolomics_metabolite,loess_deswan,44.0,634,0.7788697788697788,20,20,6.795615128173358e-08,1.8237012163230233,6.139929725234811
plasma_metabolomics_metabolite,loess_deswan,45.0,653,0.8022113022113022,20,20,6.795615128173358e-08,2.017843694446543,6.82222853770829
plasma_metabolomics_metabolite,loess_deswan,46.0,658,0.8083538083538083,20,20,6.795615128173358e-08,2.0494859512149386,6.088491217358205
plasma_metabolomics_metabolite,loess_deswan,47.0,663,0.8144963144963145,20,20,6.795615128173358e-08,2.0903506383949857,5.482568191174785
plasma_metabolomics_metabolite,loess_deswan,48.0,629,0.7727272727272727,20,20,6.795615128173358e-08,1.826501843178363,6.733385587598679
plasma_metabolomics_metabolite,loess_deswan,49.0,622,0.7641277641277642,20,20,6.795615128173358e-08,1.6265036124235595,7.470233962366323
plasma_metabolomics_metabolite,loess_deswan,50.0,581,0.7137592137592138,20,20,6.795615128173358e-08,1.4218845823013884,5.9634687072602555
plasma_metabolomics_metabolite,loess_deswan,51.0,536,0.6584766584766585,20,20,6.795615128173358e-08,1.3225818392546058,5.073292131027682
plasma_metabolomics_metabolite,loess_deswan,52.0,524,0.6437346437346437,20,20,6.795615128173358e-08,1.1851455008002398,6.045268809328073
plasma_metabolomics_metabolite,loess_deswan,53.0,514,0.6314496314496314,20,20,6.795615128173358e-08,1.2214206850610398,6.2947543530737855
plasma_metabolomics_metabolite,loess_deswan,54.0,549,0.6744471744471745,20,20,6.795615128173358e-08,1.2655573076552968,6.714190187787141
plasma_metabolomics_metabolite,loess_deswan,55.0,564,0.6928746928746928,20,20,6.795615128173358e-08,1.3869407331429846,5.963629759124757
plasma_metabolomics_metabolite,loess_deswan,56.0,584,0.7174447174447175,20,20,6.795615128173358e-08,1.4994012041579046,7.178524643567536
plasma_metabolomics_metabolite,loess_deswan,57.0,590,0.7248157248157249,20,20,6.795615128173358e-08,1.5455444819227133,6.659417034067385
plasma_metabolomics_metabolite,loess_deswan,58.0,587,0.7211302211302212,20,20,6.795615128173358e-08,1.4446274580572136,6.346078239238392
plasma_metabolomics_metabolite,loess_deswan,59.0,582,0.714987714987715,20,20,6.795615128173358e-08,1.3181621661609046,5.402967411837191
plasma_metabolomics_metabolite,loess_deswan,60.0,564,0.6928746928746928,20,20,6.795615128173358e-08,1.3009291480561156,6.422219512781698
plasma_metabolomics_metabolite,loess_deswan,61.0,530,0.6511056511056511,20,20,6.795615128173358e-08,1.2662273227956193,5.5631611543197925
plasma_metabolomics_metabolite,loess_deswan,62.0,526,0.6461916461916462,20,20,6.795615128173358e-08,1.291076953606366,5.386733638246374
plasma_metabolomics_metabolite,loess_deswan,63.0,542,0.6658476658476659,20,20,6.795615128173358e-08,1.2586793788781208,5.342286719923101
plasma_metabolomics_metabolite,loess_deswan,64.0,574,0.7051597051597052,20,20,6.795615128173358e-08,1.3665221220110468,5.738600737151009
plasma_metabolomics_metabolite,deswan_only,40.0,0,0.0,5,20,0.002501336776851813,0.34130786111345246,1.856950562567722
plasma_metabolomics_metabolite,deswan_only,41.0,0,0.0,8,23,0.0009062064966370953,0.2806300960130673,1.7220559009552936
plasma_metabolomics_metabolite,deswan_only,42.0,0,0.0,8,24,0.0013805978875093942,0.28809768532184443,1.6200867213393872
plasma_metabolomics_metabolite,deswan_only,43.0,0,0.0,7,28,0.001206726454807183,0.28324451772408243,1.6905959701313245
plasma_metabolomics_metabolite,deswan_only,44.0,0,0.0,7,28,0.0016060440392428594,0.277658340726585,1.8146218468048687
plasma_metabolomics_metabolite,deswan_only,45.0,0,0.0,10,31,0.0011001606846227543,0.3059770981311999,1.26844114308544
plasma_metabolomics_metabolite,deswan_only,46.0,0,0.0,14,29,0.0017894633196999907,0.26566732086082867,1.023122271042942
plasma_metabolomics_metabolite,deswan_only,47.0,0,0.0,16,31,0.0016087362112801287,0.2625976315610617,1.0101075916685354
plasma_metabolomics_metabolite,deswan_only,48.0,0,0.0,17,32,0.001947527585946669,0.25707286070814694,0.9945990361856499
plasma_metabolomics_metabolite,deswan_only,49.0,0,0.0,19,33,0.0014105666131859378,0.23200274303624752,0.9822141372713905
plasma_metabolomics_metabolite,deswan_only,50.0,0,0.0,20,35,0.001898914307282169,0.22504821832579464,0.9416804518086583
plasma_metabolomics_metabolite,deswan_only,51.0,0,0.0,23,37,0.00026327770742002547,0.19525206194106567,0.8335332195446632
plasma_metabolomics_metabolite,deswan_only,52.0,0,0.0,24,38,0.0001484751348096059,0.19085504713520626,0.8295962679160916
plasma_metabolomics_metabolite,deswan_only,53.0,1,0.0012285012285012285,28,37,1.4339017324954377e-05,0.1786242409008702,0.8887486197327308
plasma_metabolomics_metabolite,deswan_only,54.0,2,0.002457002457002457,28,39,2.053853812687389e-06,0.18609009701175094,0.9381102473472214
plasma_metabolomics_metabolite,deswan_only,55.0,3,0.0036855036855036856,31,35,2.576110168243315e-07,0.19529393595776562,1.0723150158700825
plasma_metabolomics_metabolite,deswan_only,56.0,0,0.0,29,35,0.00015081655428087707,0.207784199402332,0.9772924943544392
plasma_metabolomics_metabolite,deswan_only,57.0,0,0.0,31,33,0.0007466172777382241,0.21559485140722062,0.895442069697406
plasma_metabolomics_metabolite,deswan_only,58.0,0,0.0,32,34,0.0005192740551487848,0.204720897541874,0.9149212460424151
plasma_metabolomics_metabolite,deswan_only,59.0,0,0.0,33,32,0.000448060849395538,0.2015628628273008,0.9481181068238962
plasma_metabolomics_metabolite,deswan_only,60.0,1,0.0012285012285012285,35,31,5.476572360403534e-05,0.17477375477612478,0.9299388229945162
plasma_metabolomics_metabolite,deswan_only,61.0,0,0.0,37,23,0.0018279951818185878,0.17326319072619176,0.8596258984406773
plasma_metabolomics_metabolite,deswan_only,62.0,0,0.0,38,21,0.0009640853416900196,0.18201554752355287,0.8947823973389106
plasma_metabolomics_metabolite,deswan_only,63.0,0,0.0,37,18,0.001282964750206859,0.18978069353204652,0.967781515406665
plasma_metabolomics_metabolite,deswan_only,64.0,0,0.0,39,16,0.0008231593978952808,0.2073872215330968,1.0455447069417882
plasma_lipidomics,loess_deswan,40.0,613,0.7245862884160756,20,20,6.795615128173358e-08,1.1930273196764567,4.9745475195852356
plasma_lipidomics,loess_deswan,41.0,487,0.5756501182033097,20,20,6.795615128173358e-08,0.9865622960426275,5.284012264573309
plasma_lipidomics,loess_deswan,42.0,471,0.5567375886524822,20,20,6.795615128173358e-08,0.9657352265612121,5.34021379932489
plasma_lipidomics,loess_deswan,43.0,595,0.7033096926713948,20,20,6.795615128173358e-08,1.3632030565253221,5.591291920093696
plasma_lipidomics,loess_deswan,44.0,744,0.8794326241134752,20,20,6.795615128173358e-08,1.9086548039729148,7.205153799480281
plasma_lipidomics,loess_deswan,45.0,767,0.9066193853427896,20,20,6.795615128173358e-08,2.5325199840828847,7.763965169100563
plasma_lipidomics,loess_deswan,46.0,764,0.9030732860520094,20,20,6.795615128173358e-08,2.890665573303226,6.786484771131044
plasma_lipidomics,loess_deswan,47.0,746,0.8817966903073287,20,20,6.795615128173358e-08,2.8822079238098484,5.807119639335533
plasma_lipidomics,loess_deswan,48.0,731,0.8640661938534279,20,20,6.795615128173358e-08,2.6501265286128675,5.170280317693141
plasma_lipidomics,loess_deswan,49.0,715,0.8451536643026005,20,20,6.795615128173358e-08,2.4103823897847363,5.935645930148173
plasma_lipidomics,loess_deswan,50.0,708,0.8368794326241135,20,20,6.795615128173358e-08,2.2638402660336174,5.690385746430681
plasma_lipidomics,loess_deswan,51.0,684,0.8085106382978723,20,20,6.795615128173358e-08,2.2052185596802967,5.178566866303639
plasma_lipidomics,loess_deswan,52.0,670,0.7919621749408984,20,20,6.795615128173358e-08,2.239915495528045,5.896126763498357
plasma_lipidomics,loess_deswan,53.0,681,0.8049645390070922,20,20,6.795615128173358e-08,2.289351111119835,6.426653791536085
plasma_lipidomics,loess_deswan,54.0,709,0.8380614657210402,20,20,6.795615128173358e-08,2.2294033788505745,6.43705902728001
plasma_lipidomics,loess_deswan,55.0,712,0.8416075650118203,20,20,6.795615128173358e-08,2.0593733612998433,6.030895773629012
plasma_lipidomics,loess_deswan,56.0,696,0.8226950354609929,20,20,6.795615128173358e-08,1.9641282359973435,6.478563941424604
plasma_lipidomics,loess_deswan,57.0,636,0.75177304964539,20,20,6.795615128173358e-08,1.7952059448376843,6.2008196750421956
plasma_lipidomics,loess_deswan,58.0,600,0.7092198581560284,20,20,6.795615128173358e-08,1.5695043371499167,6.671025756281659
plasma_lipidomics,loess_deswan,59.0,561,0.6631205673758865,20,20,6.795615128173358e-08,1.394583191346728,5.64076663559786
plasma_lipidomics,loess_deswan,60.0,530,0.6264775413711584,20,20,6.795615128173358e-08,1.2198130801149487,4.97425830952045
plasma_lipidomics,loess_deswan,61.0,521,0.6158392434988179,20,20,6.795615128173358e-08,1.0742979021323462,6.212517791011304
plasma_lipidomics,loess_deswan,62.0,528,0.624113475177305,20,20,6.795615128173358e-08,1.0006576271828755,5.008684842285056
plasma_lipidomics,loess_deswan,63.0,481,0.5685579196217494,20,20,6.795615128173358e-08,0.9483682177010919,5.0335919177376
plasma_lipidomics,loess_deswan,64.0,468,0.5531914893617021,20,20,6.795615128173358e-08,0.9210636757448138,5.320198802631568
plasma_lipidomics,deswan_only,40.0,0,0.0,5,22,0.0030278923339942814,0.29201282890458236,1.6739973325769306
plasma_lipidomics,deswan_only,41.0,0,0.0,8,24,0.008465315131075625,0.2226310020630089,1.177627767497137
plasma_lipidomics,deswan_only,42.0,0,0.0,9,24,0.0019859246730641357,0.43402604161500924,1.2404453589444662
plasma_lipidomics,deswan_only,43.0,0,0.0,8,28,0.007305372630274551,0.5031144705842763,1.1735343844790955
plasma_lipidomics,deswan_only,44.0,0,0.0,8,28,0.0002792039625309377,0.7115630850802379,1.6657536644204471
plasma_lipidomics,deswan_only,45.0,0,0.0,11,31,0.00025049424800044785,0.5214256825271821,1.2371753319270389
plasma_lipidomics,deswan_only,46.0,0,0.0,15,29,0.004408783948025048,0.3248393839824628,1.0734672269852656
plasma_lipidomics,deswan_only,47.0,0,0.0,17,31,0.002931234056675499,0.29818369532141487,1.0014570602072188
plasma_lipidomics,deswan_only,48.0,0,0.0,19,31,0.0010459352516103736,0.3483832603135111,1.0221364120799894
plasma_lipidomics,deswan_only,49.0,0,0.0,21,32,0.0017075473484097345,0.29793143325782334,0.8799149156531006
plasma_lipidomics,deswan_only,50.0,0,0.0,22,34,0.005494469953036932,0.29477774326442685,0.7648120810471022
plasma_lipidomics,deswan_only,51.0,0,0.0,24,37,0.0037194912930173848,0.2894010967959603,0.7457769408085327
plasma_lipidomics,deswan_only,52.0,0,0.0,24,38,0.0017550870835319958,0.20438240333455815,0.8136558802982544
plasma_lipidomics,deswan_only,53.0,0,0.0,28,37,0.005080615582993856,0.2160429263126856,0.6864363366493247
plasma_lipidomics,deswan_only,54.0,0,0.0,28,39,0.004865911413889008,0.18879702474930446,0.7121921146859949
plasma_lipidomics,deswan_only,55.0,0,0.0,31,35,0.0017957550678571338,0.22805490859775326,0.6732351998169389
plasma_lipidomics,deswan_only,56.0,0,0.0,29,35,0.00120889777565425,0.27394042495556237,0.8447763294116322
plasma_lipidomics,deswan_only,57.0,0,0.0,31,33,0.006655438490328852,0.16729126842314995,0.7701205490854413
plasma_lipidomics,deswan_only,58.0,0,0.0,31,34,0.022681572619404813,0.12720786423102554,0.608499303954469
plasma_lipidomics,deswan_only,59.0,0,0.0,32,32,0.003975181502598039,0.14438548684537644,0.8103747647240441
plasma_lipidomics,deswan_only,60.0,0,0.0,34,31,0.019056380296483516,0.15003203398667336,0.6440765409363565
plasma_lipidomics,deswan_only,61.0,0,0.0,37,23,0.0064979463643398145,0.1056658648941153,0.8300953810815201
plasma_lipidomics,deswan_only,62.0,0,0.0,38,21,0.004061298459666277,0.19377005454453167,0.8659591079153817
plasma_lipidomics,deswan_only,63.0,0,0.0,37,18,0.009057088769812928,0.17312038652668393,0.8799190070930855
plasma_lipidomics,deswan_only,64.0,0,0.0,39,16,0.016404270980856187,0.14757584416516126,0.8438150950074427
plasma_cytokine,loess_deswan,40.0,41,0.6212121212121212,20,20,6.795615128173358e-08,0.9973432810286754,3.901710264097835
plasma_cytokine,loess_deswan,41.0,39,0.5909090909090909,20,20,6.795615128173358e-08,0.8806474490336293,3.8210549237013485
plasma_cytokine,loess_deswan,42.0,43,0.6515151515151515,20,20,6.795615128173358e-08,0.8189371647139227,3.4137080492522056
plasma_cytokine,loess_deswan,43.0,46,0.696969696969697,20,20,6.795615128173358e-08,1.071510227791604,3.8250337013216495
plasma_cytokine,loess_deswan,44.0,46,0.696969696969697,20,20,6.795615128173358e-08,1.1489978125696525,4.324483905564002
plasma_cytokine,loess_deswan,45.0,43,0.6515151515151515,20,20,6.795615128173358e-08,1.0762082468247534,4.555353258331907
plasma_cytokine,loess_deswan,46.0,39,0.5909090909090909,20,20,6.795615128173358e-08,1.0099869961392107,4.196110733788065
plasma_cytokine,loess_deswan,47.0,42,0.6363636363636364,20,20,6.795615128173358e-08,1.1337933099854256,4.935290733420477
plasma_cytokine,loess_deswan,48.0,51,0.7727272727272727,20,20,6.795615128173358e-08,1.208521925442243,5.05914125108272
plasma_cytokine,loess_deswan,49.0,59,0.8939393939393939,20,20,6.795615128173358e-08,1.4824868280851962,5.2442439978603295
plasma_cytokine,loess_deswan,50.0,62,0.9393939393939394,20,20,6.795615128173358e-08,1.7400903131375114,4.518735265251489
plasma_cytokine,loess_deswan,51.0,61,0.9242424242424242,20,20,6.795615128173358e-08,1.9864410012495037,4.347422254365724
plasma_cytokine,loess_deswan,52.0,60,0.9090909090909091,20,20,6.795615128173358e-08,1.9057285781374724,5.030903851229526
plasma_cytokine,loess_deswan,53.0,53,0.803030303030303,20,20,6.795615128173358e-08,1.5028866782936672,5.172833784837914
plasma_cytokine,loess_deswan,54.0,46,0.696969696969697,20,20,6.795615128173358e-08,1.130053953862238,6.910172437223271
plasma_cytokine,loess_deswan,55.0,38,0.5757575757575758,20,20,6.795615128173358e-08,0.9101791662787895,5.722223747881124
plasma_cytokine,loess_deswan,56.0,30,0.45454545454545453,20,20,6.795615128173358e-08,0.8492597495746242,4.225709335416279
plasma_cytokine,loess_deswan,57.0,13,0.19696969696969696,20,20,6.795615128173358e-08,0.5414288846098376,3.1436548951071455
plasma_cytokine,loess_deswan,58.0,8,0.12121212121212122,20,20,1.0645689837502488e-07,0.3227440284903885,2.9834019446019173
plasma_cytokine,loess_deswan,59.0,25,0.3787878787878788,20,20,6.795615128173358e-08,0.6638607215852884,3.6153659434747665
plasma_cytokine,loess_deswan,60.0,39,0.5909090909090909,20,20,6.795615128173358e-08,1.0139246947877374,3.828451236512381
plasma_cytokine,loess_deswan,61.0,47,0.7121212121212122,20,20,6.795615128173358e-08,1.1574584341123415,3.2615239479733047
plasma_cytokine,loess_deswan,62.0,43,0.6515151515151515,20,20,6.795615128173358e-08,1.1038942537466905,2.9337116364735465
plasma_cytokine,loess_deswan,63.0,37,0.5606060606060606,20,20,6.795615128173358e-08,1.0297047075722356,3.2003708882583584
plasma_cytokine,loess_deswan,64.0,30,0.45454545454545453,20,20,6.795615128173358e-08,0.6708301005311041,3.5546146613347887
plasma_cytokine,deswan_only,40.0,0,0.0,5,22,0.04249799885896208,0.2157515178627862,1.01905690657218
plasma_cytokine,deswan_only,41.0,0,0.0,8,22,0.04624382443482829,0.30801994805193755,0.9534201691966888
plasma_cytokine,deswan_only,42.0,0,0.0,9,21,0.03341632245353364,0.2546567153768959,0.8157958786407948
plasma_cytokine,deswan_only,43.0,0,0.0,8,25,0.045999366875037126,0.2790798643024069,0.6473878069265228
plasma_cytokine,deswan_only,44.0,0,0.0,8,26,0.07080978173759728,0.23063486321373827,0.6117453144637751
plasma_cytokine,deswan_only,45.0,0,0.0,11,28,0.006942035035459343,0.17010441540251492,0.5671959621536166
plasma_cytokine,deswan_only,46.0,0,0.0,15,27,0.006856239590457123,0.27573782665709934,0.5975604750436267
plasma_cytokine,deswan_only,47.0,0,0.0,17,29,0.0014425277334501449,0.3202867744296499,0.7051978777822284
plasma_cytokine,deswan_only,48.0,0,0.0,19,30,0.0018790325372115338,0.3267264491914732,0.6893466108297863
plasma_cytokine,deswan_only,49.0,0,0.0,21,30,0.006765638270761038,0.3663936136845413,0.672829998643357
plasma_cytokine,deswan_only,50.0,0,0.0,22,32,0.004986370728281145,0.34514588446592087,0.639717799569522
plasma_cytokine,deswan_only,51.0,0,0.0,22,37,0.0038279082934310695,0.38058740440418304,0.705928478733985
plasma_cytokine,deswan_only,52.0,0,0.0,21,39,0.0023841912347760995,0.34434408262319294,0.7914623307847616
plasma_cytokine,deswan_only,53.0,0,0.0,25,37,0.006685138192215735,0.2701756858566048,0.7739311047527985
plasma_cytokine,deswan_only,54.0,0,0.0,26,38,0.014139830279951747,0.2922563245317742,0.6832177837718796
plasma_cytokine,deswan_only,55.0,0,0.0,28,34,0.020739042136264693,0.25910377596344436,0.7120686849643508
plasma_cytokine,deswan_only,56.0,0,0.0,27,33,0.020449895346472038,0.20122550321339272,0.6363993799525901
plasma_cytokine,deswan_only,57.0,0,0.0,29,30,0.042957623527797494,0.18408394820243573,0.5140505776634604
plasma_cytokine,deswan_only,58.0,0,0.0,30,29,0.03191948406881629,0.182083216717895,0.5080271551534019
plasma_cytokine,deswan_only,59.0,0,0.0,30,28,0.14569375593362585,0.22225345664323654,0.41560888811397406
plasma_cytokine,deswan_only,60.0,0,0.0,32,27,0.05819751572774281,0.19856951755274954,0.5185477819841964
plasma_cytokine,deswan_only,61.0,0,0.0,37,19,0.04851973828025072,0.2825524010647553,0.6002961899978022
plasma_cytokine,deswan_only,62.0,0,0.0,39,17,0.029706367580479568,0.23294305966578255,0.5764251606105166
plasma_cytokine,deswan_only,63.0,0,0.0,37,15,0.0413515407393826,0.17715126824020283,0.6166837875921909
plasma_cytokine,deswan_only,64.0,0,0.0,38,13,0.029843699744379653,0.18132763918757394,0.7185075783721203
clinical_test,loess_deswan,40.0,30,0.5882352941176471,20,20,6.795615128173358e-08,1.3403456916825804,4.629162426727434
clinical_test,loess_deswan,41.0,30,0.5882352941176471,20,20,6.795615128173358e-08,1.3454843678124198,4.197342616007519
clinical_test,loess_deswan,42.0,31,0.6078431372549019,20,20,6.795615128173358e-08,1.7075144065722894,4.6962708061618335
clinical_test,loess_deswan,43.0,36,0.7058823529411765,20,20,6.795615128173358e-08,1.703119106029662,4.543703366948989
clinical_test,loess_deswan,44.0,41,0.803921568627451,20,20,6.795615128173358e-08,2.0310724779490497,5.86956474998645
clinical_test,loess_deswan,45.0,40,0.7843137254901961,20,20,6.795615128173358e-08,2.4280030873658704,6.527252137198678
clinical_test,loess_deswan,46.0,41,0.803921568627451,20,20,6.795615128173358e-08,2.3882726268785004,5.931107194880836
clinical_test,loess_deswan,47.0,36,0.7058823529411765,20,20,6.795615128173358e-08,2.3707220819401136,5.077961810972192
clinical_test,loess_deswan,48.0,35,0.6862745098039216,20,20,6.795615128173358e-08,2.318724419563295,5.024662098785756
clinical_test,loess_deswan,49.0,35,0.6862745098039216,20,20,6.795615128173358e-08,1.8100703120691395,4.154085032296031
clinical_test,loess_deswan,50.0,36,0.7058823529411765,20,20,6.795615128173358e-08,1.6187724036975712,4.717420100703899
clinical_test,loess_deswan,51.0,37,0.7254901960784313,20,20,6.795615128173358e-08,1.4265684199129074,5.037335926197759
clinical_test,loess_deswan,52.0,35,0.6862745098039216,20,20,6.795615128173358e-08,1.3321497263248543,4.873436964201385
clinical_test,loess_deswan,53.0,30,0.5882352941176471,20,20,6.795615128173358e-08,1.6483950736293438,4.9505778634231685
clinical_test,loess_deswan,54.0,34,0.6666666666666666,20,20,6.795615128173358e-08,1.5299013146511797,5.321622994008929
clinical_test,loess_deswan,55.0,37,0.7254901960784313,20,20,6.795615128173358e-08,1.6954581610749762,4.566138541972059
clinical_test,loess_deswan,56.0,36,0.7058823529411765,20,20,6.795615128173358e-08,1.7482250827953525,5.956689034240045
clinical_test,loess_deswan,57.0,39,0.7647058823529411,20,20,6.795615128173358e-08,1.420858637252182,5.90582536266886
clinical_test,loess_deswan,58.0,33,0.6470588235294118,20,20,6.795615128173358e-08,1.1477199974535224,4.954724167158341
clinical_test,loess_deswan,59.0,30,0.5882352941176471,20,20,6.795615128173358e-08,1.1552001719450598,5.4763208079529395
clinical_test,loess_deswan,60.0,31,0.6078431372549019,20,20,6.795615128173358e-08,1.3341008815572015,4.356363398291077
clinical_test,loess_deswan,61.0,33,0.6470588235294118,20,20,6.795615128173358e-08,1.588442354199495,5.267372704039479
clinical_test,loess_deswan,62.0,38,0.7450980392156863,20,20,6.795615128173358e-08,1.7427362868927123,4.851377006040046
clinical_test,loess_deswan,63.0,43,0.8431372549019608,20,20,6.795615128173358e-08,1.8463743444979042,4.84573249074935
clinical_test,loess_deswan,64.0,37,0.7254901960784313,20,20,6.795615128173358e-08,1.9202689508529551,4.842065728253608
clinical_test,deswan_only,40.0,0,0.0,5,21,0.013425424881491264,0.3360398322541567,1.290951563622251
clinical_test,deswan_only,41.0,0,0.0,8,24,0.017701283460057917,0.2544252601749661,0.9532354876340546
clinical_test,deswan_only,42.0,0,0.0,9,24,0.01802434563717852,0.25013593000698114,1.182960975222885
clinical_test,deswan_only,43.0,0,0.0,8,28,0.0192612396371736,0.22594926616411565,1.3530400530595974
clinical_test,deswan_only,44.0,0,0.0,8,29,0.02111024998392017,0.43010354587639565,1.3352416044708488
clinical_test,deswan_only,45.0,0,0.0,11,32,0.013755208258319012,0.35364168933529605,0.9635052742214644
clinical_test,deswan_only,46.0,0,0.0,15,30,0.01771119063652182,0.2718215463421645,0.8090132466147689
clinical_test,deswan_only,47.0,0,0.0,17,32,0.02667216174444207,0.32855299951498146,0.6778645639286518
clinical_test,deswan_only,48.0,0,0.0,18,34,0.010225427477747927,0.28754467000544376,0.7280064359760967
clinical_test,deswan_only,49.0,0,0.0,20,35,0.011745408523916106,0.28783810738947985,0.7330206197677617
clinical_test,deswan_only,50.0,0,0.0,21,37,0.048378191624352494,0.2757320695367663,0.5332331642108822
clinical_test,deswan_only,51.0,0,0.0,24,39,0.01708303331387011,0.19507221138806002,0.46030944722150324
clinical_test,deswan_only,52.0,0,0.0,24,41,0.018322495640244407,0.16053877370991712,0.6082700083010779
clinical_test,deswan_only,53.0,0,0.0,28,40,0.009675560360542424,0.21605294136187134,0.5518598151575493
clinical_test,deswan_only,54.0,0,0.0,29,41,0.016002062593165188,0.2252114741156132,0.7124736181680755
clinical_test,deswan_only,55.0,0,0.0,32,37,0.0025203413093021878,0.21856317255005134,0.8008123682382646
clinical_test,deswan_only,56.0,0,0.0,30,37,0.0024697389080420144,0.19198220648502048,0.7889751310428494
clinical_test,deswan_only,57.0,0,0.0,32,35,0.0020097551052403544,0.17761376153996766,0.8336918869651563
clinical_test,deswan_only,58.0,0,0.0,34,35,0.0025378067990600144,0.16484565213962266,0.5876373640204421
clinical_test,deswan_only,59.0,0,0.0,35,33,0.00182715501968617,0.14319937238233976,0.7409649007723677
clinical_test,deswan_only,60.0,0,0.0,37,32,0.009648416570805089,0.17858170352853645,0.6933544735529439
clinical_test,deswan_only,61.0,0,0.0,39,24,0.014325743635348394,0.17939199230770764,0.7280585189820888
clinical_test,deswan_only,62.0,0,0.0,41,21,0.002290831659995639,0.18609981269468323,0.9416642621341159
clinical_test,deswan_only,63.0,0,0.0,40,18,0.004623420811168137,0.21753202944504635,0.8547124025357422
clinical_test,deswan_only,64.0,0,0.0,41,16,0.009272047139107002,0.27257209779379027,0.8141264992115138
gut_microbiome,loess_deswan,40.0,11921,0.5207496068495544,20,20,6.504143285397756e-08,0.8577656381489654,6.200748731350221
gut_microbiome,loess_deswan,41.0,12811,0.5596278175781932,20,20,6.412468290181909e-08,0.9072019403185707,5.9310812560446795
gut_microbiome,loess_deswan,42.0,12839,0.560850952297746,20,20,6.421584951435213e-08,0.9691291376770121,6.35772648074879
gut_microbiome,loess_deswan,43.0,12516,0.546741219640049,20,20,6.421584951435213e-08,1.087924431760231,7.464805680431381
gut_microbiome,loess_deswan,44.0,12607,0.5507164074785952,20,20,6.412468290181909e-08,1.1918727900508306,7.378631662989911
gut_microbiome,loess_deswan,45.0,13971,0.6103005416739472,20,20,6.135376570217557e-08,1.039498348183004,6.77289137539081
gut_microbiome,loess_deswan,46.0,13187,0.5760527695264721,20,20,6.144149718309964e-08,1.0737140608545703,6.459055076690294
gut_microbiome,loess_deswan,47.0,11804,0.5156386510571379,20,20,6.091674066406982e-08,1.0537622902783494,6.008192000238816
gut_microbiome,loess_deswan,48.0,9471,0.41372531888869474,20,20,6.385185787086477e-08,0.7147499766898976,6.513396688142476
gut_microbiome,loess_deswan,49.0,9937,0.43408177529267866,20,20,6.430712878901696e-08,0.6784310113868717,7.536661033180001
gut_microbiome,loess_deswan,50.0,8708,0.38039489778088414,20,20,6.430712878901696e-08,0.6906487130889992,7.808517765678747
gut_microbiome,loess_deswan,51.0,9204,0.4020618556701031,20,20,6.494924807098672e-08,0.8824992527376398,6.352016001429047
gut_microbiome,loess_deswan,52.0,11018,0.4813035121439804,20,20,6.53186699717988e-08,1.1205245876086096,7.376570500211475
gut_microbiome,loess_deswan,53.0,10575,0.46195177354534334,20,20,6.339939185880501e-08,1.1256682470856354,7.966330879901086
gut_microbiome,loess_deswan,54.0,11142,0.4867202516162852,20,20,6.35800426049644e-08,1.2361433831980264,6.766600287641993
gut_microbiome,loess_deswan,55.0,12407,0.5419797309103617,20,20,6.45816437538523e-08,1.2187332364106693,7.086158844500793
gut_microbiome,loess_deswan,56.0,11245,0.4912196400489254,20,20,6.568991698680745e-08,1.2172350927951956,8.26535896765128
gut_microbiome,loess_deswan,57.0,12596,0.5502358902673423,20,20,6.559693371585224e-08,1.297231392377854,8.57380564448104
gut_microbiome,loess_deswan,58.0,11135,0.486414467936397,20,20,6.449002579186645e-08,1.3392834205752104,8.541281956194869
gut_microbiome,loess_deswan,59.0,11780,0.5145902498689499,20,20,6.394268719659486e-08,1.262315280431863,6.888571102813774
gut_microbiome,loess_deswan,60.0,11425,0.4990826489603355,20,20,6.430712878901696e-08,1.1300826689596428,6.640388599965331
gut_microbiome,loess_deswan,61.0,11238,0.4909138563690372,20,20,6.412468290181909e-08,0.9800907108927815,6.931419297711681
gut_microbiome,loess_deswan,62.0,11414,0.49860213174908263,20,20,6.430712878901696e-08,1.073958359562523,8.024765019139927
gut_microbiome,loess_deswan,63.0,10733,0.4688537480342478,20,20,6.403362883475555e-08,1.0257915212263347,6.8181607689832155
gut_microbiome,loess_deswan,64.0,9949,0.4346059758867727,20,20,6.28601146922946e-08,1.049859039127305,5.535936976078316
gut_microbiome,deswan_only,40.0,0,0.0,4,13,0.00121885726367215,1.0741723110591492,3.1358774067998962
gut_microbiome,deswan_only,41.0,0,0.0,7,15,0.009375184815433387,1.1547005383792515,1.9069251784911845
gut_microbiome,deswan_only,42.0,0,0.0,7,16,0.007330431610415643,1.1456439237389602,1.9110661718118183
gut_microbiome,deswan_only,43.0,0,0.0,7,19,0.003541388839900415,1.1239029738980328,1.9215378456610457
gut_microbiome,deswan_only,44.0,0,0.0,7,19,0.003541388839900415,1.1239029738980328,1.9215378456610457
gut_microbiome,deswan_only,45.0,0,0.0,9,22,0.0011583469201811095,0.9110728111753581,1.9344083032987032
gut_microbiome,deswan_only,46.0,0,0.0,10,22,0.002088774094062497,0.3668755739923094,1.9364916731037087
gut_microbiome,deswan_only,47.0,0,0.0,11,24,0.0005133601244715839,0.5553478324017039,2.0898916380577077
gut_microbiome,deswan_only,48.0,0,0.0,12,25,0.0007131708418467177,0.5149286505444371,2.077274294153443
gut_microbiome,deswan_only,49.0,0,0.0,13,26,0.0009415141808997729,0.48701076700570733,2.0662116951635836
gut_microbiome,deswan_only,50.0,0,0.0,13,28,0.0006143800877679532,0.5000000000000001,2.094636006565341
gut_microbiome,deswan_only,51.0,0,0.0,15,31,0.00024764654366931315,0.3602686640890153,2.086060486095346
gut_microbiome,deswan_only,52.0,0,0.0,16,32,0.0011532088457585686,0.3614994027406106,2.0766559657295187
gut_microbiome,deswan_only,53.0,0,0.0,19,32,0.0011719404947995089,0.22225022225033367,2.0241022618818407
gut_microbiome,deswan_only,54.0,0,0.0,19,34,0.0007829652269122316,0.21320071635561044,2.042725452117164
gut_microbiome,deswan_only,55.0,0,0.0,22,30,0.004629010948738942,0.2397316507426923,1.9611613513818402
gut_microbiome,deswan_only,56.0,0,0.0,22,30,0.005653019417436491,0.23973165074269223,1.9611613513818402
gut_microbiome,deswan_only,57.0,0,0.0,24,29,0.003320191363394583,0.2506150070793829,1.9619012726876917
gut_microbiome,deswan_only,58.0,0,0.0,25,30,0.0017549862176185322,0.24681884091350306,1.9632996344280855
gut_microbiome,deswan_only,59.0,0,0.0,26,29,0.00367987710446928,0.25548177226681207,1.9632996344280855
gut_microbiome,deswan_only,60.0,0,0.0,28,29,0.001122214230289265,0.26025754580373517,1.4015297764534704
gut_microbiome,deswan_only,61.0,0,0.0,31,21,0.002529437450744442,0.28233544826893014,1.978141420187361
gut_microbiome,deswan_only,62.0,0,0.0,32,19,0.0015675952760074244,0.26784755612768335,2.0241022618818407
gut_microbiome,deswan_only,63.0,0,0.0,32,16,0.0019090084309177273,0.3614994027406106,2.0766559657295187
gut_microbiome,deswan_only,64.0,0,0.0,34,13,0.0006394186749231188,0.32911788560993177,2.170092699766854
oral_microbiome,loess_deswan,40.0,978,0.6425755584756899,20,20,6.681468439048667e-08,1.2989740663869407,5.535718958533039
oral_microbiome,loess_deswan,41.0,1035,0.6800262812089356,20,20,6.60629966710624e-08,1.2128316518217015,5.370053985422683
oral_microbiome,loess_deswan,42.0,1011,0.664257555847569,20,20,6.59695545231667e-08,1.2083868203762789,5.347310262153723
oral_microbiome,loess_deswan,43.0,947,0.6222076215505913,20,20,6.52261436867194e-08,1.2097504326844275,5.462560242041363
oral_microbiome,loess_deswan,44.0,933,0.6130091984231275,20,20,6.6720318790895e-08,1.1530952921848205,7.003946443144519
oral_microbiome,loess_deswan,45.0,946,0.621550591327201,20,20,6.550406486841375e-08,1.094857687605125,7.068332340898906
oral_microbiome,loess_deswan,46.0,971,0.6379763469119579,20,20,6.430712878901696e-08,1.0098641462547104,6.477051508083008
oral_microbiome,loess_deswan,47.0,897,0.5893561103810775,20,20,6.6531935016953e-08,0.9579867422189241,5.8087055128365135
oral_microbiome,loess_deswan,48.0,775,0.5091984231274639,20,20,6.643791660419772e-08,0.925824210425803,7.37312512567381
oral_microbiome,loess_deswan,49.0,764,0.5019710906701709,20,20,6.60629966710624e-08,0.9725381431628415,7.451374343619161
oral_microbiome,loess_deswan,50.0,758,0.4980289093298292,20,20,6.60629966710624e-08,1.0494582950818616,7.496444779518354
oral_microbiome,loess_deswan,51.0,823,0.5407358738501971,20,20,6.587622727212894e-08,1.2400148529747337,5.976186905973668
oral_microbiome,loess_deswan,52.0,920,0.6044678055190539,20,20,6.559693371585224e-08,1.2614744558182247,6.001021183507596
oral_microbiome,loess_deswan,53.0,869,0.5709592641261498,20,20,6.681468439048667e-08,1.2724384601872964,8.279992592434903
oral_microbiome,loess_deswan,54.0,847,0.5565045992115637,20,20,6.662606903946737e-08,1.3413129224309137,7.2187072172380224
oral_microbiome,loess_deswan,55.0,813,0.5341655716162943,20,20,6.59695545231667e-08,1.2643705223436124,6.506321044347693
oral_microbiome,loess_deswan,56.0,770,0.5059132720105125,20,20,6.681468439048667e-08,1.1406728965127904,6.992843257405674
oral_microbiome,loess_deswan,57.0,807,0.5302233902759527,20,20,6.6531935016953e-08,1.1457392831451654,6.177281885199263
oral_microbiome,loess_deswan,58.0,788,0.5177398160315374,20,20,6.59695545231667e-08,1.029068786235744,7.448147333782477
oral_microbiome,loess_deswan,59.0,781,0.5131406044678055,20,20,6.662606903946737e-08,1.119279581522266,6.2942804836800335
oral_microbiome,loess_deswan,60.0,809,0.5315374507227333,20,20,6.494924807098672e-08,1.076111166524441,5.521905372244176
oral_microbiome,loess_deswan,61.0,824,0.5413929040735874,20,20,6.643791660419772e-08,0.9247874508684146,5.799048146920405
oral_microbiome,loess_deswan,62.0,782,0.5137976346911958,20,20,6.587622727212894e-08,1.0941207490148792,5.1283307661736
oral_microbiome,loess_deswan,63.0,771,0.5065703022339028,20,20,6.6531935016953e-08,1.0216554484863967,5.527604132087715
oral_microbiome,loess_deswan,64.0,762,0.5006570302233903,20,20,6.6531935016953e-08,1.0106175251432339,5.578714684606101
oral_microbiome,deswan_only,40.0,0,0.0,5,15,0.005219118891795875,0.7171371656006362,1.8973665961010275
oral_microbiome,deswan_only,41.0,0,0.0,8,18,0.008692679828913067,0.654653670707977,1.9215378456610457
oral_microbiome,deswan_only,42.0,0,0.0,8,19,0.011882092165301337,0.619013550601546,1.9245008972987523
oral_microbiome,deswan_only,43.0,0,0.0,7,22,0.004808982892347023,0.5331139899831832,1.9639610121239313
oral_microbiome,deswan_only,44.0,0,0.0,7,22,0.009538490394404938,0.5096263446390956,1.9639610121239313
oral_microbiome,deswan_only,45.0,0,0.0,9,25,0.0005551761462000895,0.3501504876259268,1.9402850002906638
oral_microbiome,deswan_only,46.0,0,0.0,12,24,0.0032619273509315993,0.507519218922552,2.0615528128088303
oral_microbiome,deswan_only,47.0,0,0.0,13,26,0.003443166310629076,0.4080112525704096,2.0662116951635836
oral_microbiome,deswan_only,48.0,0,0.0,13,28,0.0018354537132521439,0.35692119705875003,2.094636006565341
oral_microbiome,deswan_only,49.0,0,0.0,15,29,0.0017468204497744868,0.32706763694080687,2.0608714203549807
oral_microbiome,deswan_only,50.0,0,0.0,15,32,0.006090963991642923,0.27004949862192684,2.098135818540706
oral_microbiome,deswan_only,51.0,0,0.0,18,34,0.004958966772133652,0.2520518005546707,2.0604084592303353
oral_microbiome,deswan_only,52.0,0,0.0,19,35,0.005567815734186156,0.2151575758633083,2.0533426933213597
oral_microbiome,deswan_only,53.0,0,0.0,22,35,0.0021056190557065006,0.21498485387337865,2.016940092634907
oral_microbiome,deswan_only,54.0,0,0.0,22,37,0.005141745912869057,0.2068641892469378,2.0294080688285905
oral_microbiome,deswan_only,55.0,0,0.0,25,34,0.0008439026714781926,0.22539329856371781,1.9658094464268443
oral_microbiome,deswan_only,56.0,0,0.0,24,33,0.0022398054823857963,0.22821773229381928,1.964598972515006
oral_microbiome,deswan_only,57.0,0,0.0,26,32,0.0010365503275846471,0.2375954816557457,1.96521473776207
oral_microbiome,deswan_only,58.0,0,0.0,28,33,0.0030674325496343902,0.23637092063367723,1.9669398717338549
oral_microbiome,deswan_only,59.0,0,0.0,29,31,0.0049738846066981314,0.24973103811470754,1.414213562373095
oral_microbiome,deswan_only,60.0,0,0.0,32,30,0.001440755355908673,0.2459346884189823,1.414213562373095
oral_microbiome,deswan_only,61.0,0,0.0,34,22,0.004213940350580304,0.21938172723813928,1.9958974315773468
oral_microbiome,deswan_only,62.0,0,0.0,35,20,0.003221382460450874,0.21103984250858987,2.0348525745124633
oral_microbiome,deswan_only,63.0,0,0.0,35,17,0.0033465242371283573,0.2358241532472361,1.9611613513818404
oral_microbiome,deswan_only,64.0,0,0.0,37,14,0.004234727956078058,0.24895337072381699,2.1144273266556195
skin_microbiome,loess_deswan,40.0,2148,0.5785079450579047,20,20,6.568991698680745e-08,0.9827696418743183,4.239057929065339
skin_microbiome,loess_deswan,41.0,2140,0.5763533530837598,20,20,6.421584951435213e-08,0.9190781216550189,4.315346069079211
skin_microbiome,loess_deswan,42.0,2088,0.5623485052518179,20,20,6.412468290181909e-08,0.8681895931355853,5.179233805379238
skin_microbiome,loess_deswan,43.0,2120,0.5709668731483976,20,20,6.52261436867194e-08,0.9125957815235238,5.993190339828144
skin_microbiome,loess_deswan,44.0,2085,0.5615405332615137,20,20,6.541131032639516e-08,0.6786796450506385,7.463682324788611
skin_microbiome,loess_deswan,45.0,1855,0.4995960140048478,20,20,6.430712878901696e-08,0.7797435475847172,7.229856512425994
skin_microbiome,loess_deswan,46.0,2055,0.5534608133584702,20,20,6.232483073360537e-08,0.8005864863524121,6.492341708140689
skin_microbiome,loess_deswan,47.0,2049,0.5518448693778616,20,20,6.467337484557014e-08,0.8448479337053231,5.817149020425458
skin_microbiome,loess_deswan,48.0,1836,0.4944788580662537,20,20,6.550406486841375e-08,0.7773602994202751,6.910873326059339
skin_microbiome,loess_deswan,49.0,1792,0.48262860220845677,20,20,6.504143285397756e-08,0.7249504256325212,7.562249122271299
skin_microbiome,loess_deswan,50.0,1440,0.38782655534608135,20,20,6.449002579186645e-08,0.79524394962836,7.647931903947959
skin_microbiome,loess_deswan,51.0,1476,0.39752221922973335,20,20,6.268124424554191e-08,0.8721306864786572,6.133365708321344
skin_microbiome,loess_deswan,52.0,1830,0.49286291408564503,20,20,6.385185787086477e-08,1.104063585713292,6.450213361554814
skin_microbiome,loess_deswan,53.0,1838,0.49501750605978995,20,20,6.259197511740473e-08,1.1544267751128456,6.1969209041605495
skin_microbiome,loess_deswan,54.0,1931,0.5200646377592244,20,20,6.013691585452885e-08,1.3231071485964025,6.491249957722826
skin_microbiome,loess_deswan,55.0,1790,0.48208995421492057,20,20,5.987891138591485e-08,1.1290620571557626,6.93318922891163
skin_microbiome,loess_deswan,56.0,1816,0.48909237813089146,20,20,6.241376847634744e-08,1.1535032904091174,7.391269258280469
skin_microbiome,loess_deswan,57.0,1993,0.5367627255588473,20,20,6.241376847634744e-08,1.1810229145808682,7.531404759355572
skin_microbiome,loess_deswan,58.0,2004,0.5397252895232966,20,20,6.232483073360537e-08,1.0949751426637802,7.7936022883121305
skin_microbiome,loess_deswan,59.0,1951,0.5254511176945866,20,20,6.449002579186645e-08,1.1359587876542403,6.046617698898897
skin_microbiome,loess_deswan,60.0,1943,0.5232965257204417,20,20,6.559693371585224e-08,1.166003073051916,6.573367754070932
skin_microbiome,loess_deswan,61.0,1915,0.5157554538109346,20,20,6.412468290181909e-08,1.035092778477288,6.010713885552016
skin_microbiome,loess_deswan,62.0,2144,0.5774306490708322,20,20,6.28601146922946e-08,1.1301500250957373,5.814638387866003
skin_microbiome,loess_deswan,63.0,1859,0.5006733099919203,20,20,6.45816437538523e-08,0.9887585799309496,7.763192227033479
skin_microbiome,loess_deswan,64.0,2136,0.5752760570966873,20,20,6.268124424554191e-08,1.1444422606847058,6.184927393931264
skin_microbiome,deswan_only,40.0,0,0.0,5,15,0.022314962180475476,1.0954451150103321,1.8973665961010275
skin_microbiome,deswan_only,41.0,0,0.0,8,17,0.03711951573698362,0.5501196042201808,1.9183326093250879
skin_microbiome,deswan_only,42.0,0,0.0,8,18,0.029523215949937925,0.5477225575051661,1.9215378456610457
skin_microbiome,deswan_only,43.0,0,0.0,7,21,0.01488986083365417,0.40288019596795943,1.927248223318863
skin_microbiome,deswan_only,44.0,0,0.0,7,21,0.01488986083365417,0.4238430892212317,1.927248223318863
skin_microbiome,deswan_only,45.0,0,0.0,9,24,0.011471006349161456,0.5433581647846062,2.1563858652847827
skin_microbiome,deswan_only,46.0,0,0.0,12,23,0.014944507678489684,0.2553769592276247,2.045262474977062
skin_microbiome,deswan_only,47.0,0,0.0,13,26,0.009098765238043717,0.3017412952109441,2.0662116951635836
skin_microbiome,deswan_only,48.0,0,0.0,13,28,0.010015563157222303,0.227128381289749,2.094636006565341
skin_microbiome,deswan_only,49.0,0,0.0,15,29,0.006829252096682607,0.2274294130736711,2.0608714203549807
skin_microbiome,deswan_only,50.0,0,0.0,15,31,0.0017314657055615685,0.2175128225116608,2.086060486095346
skin_microbiome,deswan_only,51.0,0,0.0,17,34,0.008678647485114679,0.20897850190928619,2.079309840251016
skin_microbiome,deswan_only,52.0,0,0.0,18,35,0.010972501812357482,0.20701966780270623,2.0711638337341216
skin_microbiome,deswan_only,53.0,0,0.0,21,35,0.00807901208772984,0.2130214807490179,2.0208992091258233
skin_microbiome,deswan_only,54.0,0,0.0,21,37,0.006530984442401119,0.20504156174308177,2.0409040291494227
skin_microbiome,deswan_only,55.0,0,0.0,24,34,0.006162771874403127,0.2234074158130951,1.9689903699416806
skin_microbiome,deswan_only,56.0,0,0.0,23,33,0.0013762635525558181,0.22613350843332283,1.971801207018598
skin_microbiome,deswan_only,57.0,0,0.0,26,31,0.000958791957640974,0.24318672855696005,1.964598972515006
skin_microbiome,deswan_only,58.0,0,0.0,28,32,0.000764925886708672,0.24180103791233784,1.4392458342578487
skin_microbiome,deswan_only,59.0,0,0.0,29,30,0.005263142603150265,0.2559633594468364,0.7977176453445745
skin_microbiome,deswan_only,60.0,0,0.0,31,30,0.0048747581039422965,0.25187469149371433,1.4023789311975086
skin_microbiome,deswan_only,61.0,0,0.0,34,22,0.004160100353792627,0.21938172723813915,1.9958974315773468
skin_microbiome,deswan_only,62.0,0,0.0,35,20,0.0003909676950517604,0.21103984250858995,2.036621242881582
skin_microbiome,deswan_only,63.0,0,0.0,35,17,0.005857922330131578,0.20498001542269692,2.0901990428748527
skin_microbiome,deswan_only,64.0,0,0.0,37,14,0.0044217328424071166,0.19179881852291697,2.177598558933893
nasal_microbiome,loess_deswan,40.0,6472,0.6573895378364653,20,20,6.568991698680745e-08,0.8845238501236763,5.457105252906668
nasal_microbiome,loess_deswan,41.0,4336,0.4404266124936516,20,20,6.467337484557014e-08,0.8650773735015962,5.551770673390655
nasal_microbiome,loess_deswan,42.0,4536,0.46074149314372775,20,20,6.467337484557014e-08,0.8856656647543534,5.604991711891434
nasal_microbiome,loess_deswan,43.0,4790,0.4865413915693245,20,20,6.467337484557014e-08,0.8576035628236056,7.397523890778921
nasal_microbiome,loess_deswan,44.0,4853,0.49294057897409854,20,20,6.449002579186645e-08,0.7958224257542215,7.514948434801535
nasal_microbiome,loess_deswan,45.0,5258,0.5340782122905028,20,20,6.430712878901696e-08,0.7984819997155004,7.304966952109929
nasal_microbiome,loess_deswan,46.0,5963,0.6056881665820213,20,20,6.188179320980445e-08,0.8688883054899627,6.510628677366915
nasal_microbiome,loess_deswan,47.0,5278,0.5361097003555104,20,20,5.9195601754502596e-08,0.8429844795396771,5.851092038887983
nasal_microbiome,loess_deswan,48.0,3937,0.3998984255967496,20,20,6.449002579186645e-08,0.6650454438420204,6.25715580809237
nasal_microbiome,loess_deswan,49.0,3507,0.3562214321990858,20,20,6.513373135334972e-08,0.6455040340199132,7.502161100763135
nasal_microbiome,loess_deswan,50.0,4187,0.4252920264093448,20,20,6.268124424554191e-08,0.7664547524166248,7.5842993062259865
nasal_microbiome,loess_deswan,51.0,4426,0.44956830878618587,20,20,6.013691585452885e-08,0.8758113882741756,6.350916257113364
nasal_microbiome,loess_deswan,52.0,3916,0.39776536312849164,20,20,6.559693371585224e-08,1.0854582142514921,7.881995183441195
nasal_microbiome,loess_deswan,53.0,4341,0.4409344845099035,20,20,6.559693371585224e-08,1.2678138692498508,8.207295993424665
nasal_microbiome,loess_deswan,54.0,5018,0.5097003555104114,20,20,6.513373135334972e-08,1.3341011175252728,6.929071642566604
nasal_microbiome,loess_deswan,55.0,4950,0.5027932960893855,20,20,6.28601146922946e-08,1.3337982999362465,7.53659216509398
nasal_microbiome,loess_deswan,56.0,4975,0.505332656170645,20,20,6.45816437538523e-08,1.1519625850140782,7.462149112062307
nasal_microbiome,loess_deswan,57.0,5206,0.528796343321483,20,20,6.430712878901696e-08,1.28219770885314,7.776180624914647
nasal_microbiome,loess_deswan,58.0,5002,0.5080751650584053,20,20,6.513373135334972e-08,1.2011618555394143,7.402887684997079
nasal_microbiome,loess_deswan,59.0,5025,0.510411376333164,20,20,6.60629966710624e-08,1.2103865444910422,7.494077939867721
nasal_microbiome,loess_deswan,60.0,4890,0.49669883189436265,20,20,6.513373135334972e-08,1.062415650054471,6.607571317254852
nasal_microbiome,loess_deswan,61.0,4514,0.4585068562722194,20,20,6.513373135334972e-08,0.8690133699705901,6.7225842276234005
nasal_microbiome,loess_deswan,62.0,5107,0.5187404773996953,20,20,6.504143285397756e-08,1.0995952736566608,6.348648694752033
nasal_microbiome,loess_deswan,63.0,4934,0.5011681056373793,20,20,6.421584951435213e-08,0.9841885194033456,6.10434016731983
nasal_microbiome,loess_deswan,64.0,5218,0.5300152361604875,20,20,6.421584951435213e-08,1.1501993665955093,5.461365129823316
nasal_microbiome,deswan_only,40.0,0,0.0,5,15,0.002121884861677736,1.0954451150103321,2.191913076136165
nasal_microbiome,deswan_only,41.0,0,0.0,8,18,0.0007300416799311025,0.6546536707079769,1.9215378456610457
nasal_microbiome,deswan_only,42.0,0,0.0,8,19,0.006451147681674225,0.6681531047810608,1.9245008972987523
nasal_microbiome,deswan_only,43.0,0,0.0,7,22,0.001732094630671091,0.5331139899831832,1.9639610121239313
nasal_microbiome,deswan_only,44.0,0,0.0,7,22,0.001732094630671091,0.5331139899831832,1.9639610121239313
nasal_microbiome,deswan_only,45.0,0,0.0,9,25,0.003335538451284904,0.5418283691828771,1.9402850002906638
nasal_microbiome,deswan_only,46.0,0,0.0,12,24,0.00027005688928061444,0.5075192189225521,2.0615528128088303
nasal_microbiome,deswan_only,47.0,0,0.0,13,27,0.0015224598887889666,0.4338736821469804,2.080652283311806
nasal_microbiome,deswan_only,48.0,0,0.0,13,29,0.0009327523659195265,0.3740868924174428,2.1081851067789197
nasal_microbiome,deswan_only,49.0,0,0.0,15,29,0.0043121242041746785,0.3267824682169311,2.0608714203549807
nasal_microbiome,deswan_only,50.0,0,0.0,15,32,0.0006995668043955728,0.21298568784264937,2.0763856206179483
nasal_microbiome,deswan_only,51.0,0,0.0,18,34,0.0020725022260782095,0.21110016546037452,2.0604084592303353
nasal_microbiome,deswan_only,52.0,0,0.0,19,35,0.005563434034725763,0.26671226240379853,2.0533426933213597
nasal_microbiome,deswan_only,53.0,0,0.0,22,35,0.010093772322175575,0.21498485387337865,2.016940092634907
nasal_microbiome,deswan_only,54.0,0,0.0,22,37,0.008206240551528417,0.21127201733622633,2.0294080688285905
nasal_microbiome,deswan_only,55.0,0,0.0,25,33,0.01577438737850934,0.23028309323591928,1.96521473776207
nasal_microbiome,deswan_only,56.0,0,0.0,24,32,0.0012444488687501708,0.23331413131434567,1.9639610121239313
nasal_microbiome,deswan_only,57.0,0,0.0,27,30,0.003431837218563265,0.25143267648537193,1.964598972515006
nasal_microbiome,deswan_only,58.0,0,0.0,29,31,0.0038315089421019554,0.24973103811470745,1.414213562373095
nasal_microbiome,deswan_only,59.0,0,0.0,29,30,0.001630403066231614,0.2559633594468364,0.7886661687653924
nasal_microbiome,deswan_only,60.0,0,0.0,32,29,0.0016968586227844313,0.24387662137157165,1.426352957237685
nasal_microbiome,deswan_only,61.0,0,0.0,34,21,0.001158649941373714,0.2688969941289209,2.0105653138746655
nasal_microbiome,deswan_only,62.0,0,0.0,35,19,0.0005224357745201219,0.26671226240379853,2.0533426933213597
nasal_microbiome,deswan_only,63.0,0,0.0,35,16,0.0006205954386489904,0.20291986247835692,2.1105794120443453
nasal_microbiome,deswan_only,64.0,0,0.0,37,13,9.297047458305414e-05,0.27207810826391277,2.2031642209035764
