scenario,midpoint,mean_significant,q025,q975,n_young,n_old,n_molecules
homoskedastic,40.0,0.0,0.0,0.0,5,21,1000
homoskedastic,41.0,0.01,0.0,0.0,8,23,1000
homoskedastic,42.0,0.04,0.0,0.0,8,24,1000
homoskedastic,43.0,0.0,0.0,0.0,7,28,1000
homoskedastic,44.0,0.0,0.0,0.0,7,28,1000
homoskedastic,45.0,0.1,0.0,1.0,10,30,1000
homoskedastic,46.0,0.88,0.0,7.0,14,28,1000
homoskedastic,47.0,4.69,0.0,21.0,16,30,1000
homoskedastic,48.0,12.44,0.0,44.099999999999966,18,31,1000
homoskedastic,49.0,27.36,0.0,63.574999999999974,20,32,1000
homoskedastic,50.0,48.86,11.95,97.04999999999998,21,34,1000
homoskedastic,51.0,73.17,31.0,116.62499999999996,23,37,1000
homoskedastic,52.0,105.18,64.0,148.52499999999998,24,39,1000
homoskedastic,53.0,167.25,106.85,218.52499999999998,28,38,1000
homoskedastic,54.0,193.96,132.15,235.0,28,40,1000
homoskedastic,55.0,152.23,104.425,190.575,30,37,1000
homoskedastic,56.0,93.32,48.95,136.0,28,37,1000
homoskedastic,57.0,79.54,28.375,130.62499999999994,30,35,1000
homoskedastic,58.0,86.21,40.8,128.575,31,35,1000
homoskedastic,59.0,68.68,30.475,104.09999999999997,32,33,1000
homoskedastic,60.0,81.16,36.325,115.52499999999999,34,32,1000
homoskedastic,61.0,23.34,0.0,52.52499999999999,37,24,1000
homoskedastic,62.0,17.3,0.0,50.04999999999998,39,21,1000
homoskedastic,63.0,5.22,0.0,19.0,38,18,1000
homoskedastic,64.0,6.63,0.0,24.049999999999983,40,16,1000
variance_increasing,40.0,0.0,0.0,0.0,5,21,1000
variance_increasing,41.0,0.0,0.0,0.0,8,23,1000
variance_increasing,42.0,0.0,0.0,0.0,8,24,1000
variance_increasing,43.0,0.0,0.0,0.0,7,28,1000
variance_increasing,44.0,0.0,0.0,0.0,7,28,1000
variance_increasing,45.0,0.04,0.0,1.0,10,30,1000
variance_increasing,46.0,0.23,0.0,1.5249999999999915,14,28,1000
variance_increasing,47.0,0.44,0.0,3.0,16,30,1000
variance_increasing,48.0,1.08,0.0,6.5249999999999915,18,31,1000
variance_increasing,49.0,2.18,0.0,10.524999999999991,20,32,1000
variance_increasing,50.0,2.64,0.0,14.049999999999983,21,34,1000
variance_increasing,51.0,3.81,0.0,17.0,23,37,1000
variance_increasing,52.0,4.41,0.0,22.049999999999983,24,39,1000
variance_increasing,53.0,8.96,0.0,34.52499999999999,28,38,1000
variance_increasing,54.0,10.75,0.0,31.049999999999983,28,40,1000
variance_increasing,55.0,7.23,0.0,28.0,30,37,1000
variance_increasing,56.0,2.35,0.0,11.574999999999974,28,37,1000
variance_increasing,57.0,3.05,0.0,13.0,30,35,1000
variance_increasing,58.0,2.37,0.0,11.524999999999991,31,35,1000
variance_increasing,59.0,2.62,0.0,11.524999999999991,32,33,1000
variance_increasing,60.0,3.09,0.0,15.049999999999983,34,32,1000
variance_increasing,61.0,0.92,0.0,4.0,37,24,1000
variance_increasing,62.0,1.04,0.0,6.049999999999983,39,21,1000
variance_increasing,63.0,0.57,0.0,3.5249999999999915,38,18,1000
variance_increasing,64.0,0.45,0.0,2.5249999999999915,40,16,1000
variance_decreasing,40.0,0.0,0.0,0.0,5,21,1000
variance_decreasing,41.0,0.02,0.0,0.0,8,23,1000
variance_decreasing,42.0,0.02,0.0,0.0,8,24,1000
variance_decreasing,43.0,0.0,0.0,0.0,7,28,1000
variance_decreasing,44.0,0.0,0.0,0.0,7,28,1000
variance_decreasing,45.0,0.22,0.0,2.5249999999999915,10,30,1000
variance_decreasing,46.0,0.24,0.0,2.0,14,28,1000
variance_decreasing,47.0,0.77,0.0,5.049999999999983,16,30,1000
variance_decreasing,48.0,1.51,0.0,7.0,18,31,1000
variance_decreasing,49.0,4.12,0.0,14.524999999999991,20,32,1000
variance_decreasing,50.0,7.82,0.0,28.0,21,34,1000
variance_decreasing,51.0,20.94,0.0,49.574999999999974,23,37,1000
variance_decreasing,52.0,38.7,9.475,76.67499999999994,24,39,1000
variance_decreasing,53.0,71.12,31.375,109.0,28,38,1000
variance_decreasing,54.0,92.2,49.9,135.0,28,40,1000
variance_decreasing,55.0,82.69,45.475,118.52499999999999,30,37,1000
variance_decreasing,56.0,53.9,18.475,84.52499999999999,28,37,1000
variance_decreasing,57.0,53.21,17.475,82.04999999999998,30,35,1000
variance_decreasing,58.0,69.44,28.375,109.24999999999991,31,35,1000
variance_decreasing,59.0,65.0,17.475,102.52499999999999,32,33,1000
variance_decreasing,60.0,94.2,49.9,139.77499999999992,34,32,1000
variance_decreasing,61.0,28.69,1.475,62.52499999999999,37,24,1000
variance_decreasing,62.0,29.6,0.0,71.57499999999997,39,21,1000
variance_decreasing,63.0,8.8,0.0,38.574999999999974,38,18,1000
variance_decreasing,64.0,9.54,0.0,37.87499999999987,40,16,1000
outlier_cluster_55,40.0,0.0,0.0,0.0,5,21,1000
outlier_cluster_55,41.0,0.02,0.0,0.0,8,23,1000
outlier_cluster_55,42.0,0.05,0.0,0.0,8,24,1000
outlier_cluster_55,43.0,0.0,0.0,0.0,7,28,1000
outlier_cluster_55,44.0,0.0,0.0,0.0,7,28,1000
outlier_cluster_55,45.0,0.0,0.0,0.0,10,30,1000
outlier_cluster_55,46.0,0.03,0.0,0.5249999999999915,14,28,1000
outlier_cluster_55,47.0,0.03,0.0,0.0,16,30,1000
outlier_cluster_55,48.0,0.07,0.0,1.0,18,31,1000
outlier_cluster_55,49.0,0.16,0.0,2.5249999999999915,20,32,1000
outlier_cluster_55,50.0,0.38,0.0,4.0,21,34,1000
outlier_cluster_55,51.0,1.64,0.0,10.524999999999991,23,37,1000
outlier_cluster_55,52.0,3.1,0.0,15.0,24,39,1000
outlier_cluster_55,53.0,13.22,0.0,43.099999999999966,28,38,1000
outlier_cluster_55,54.0,22.27,0.0,58.19999999999993,28,40,1000
outlier_cluster_55,55.0,18.48,0.0,45.52499999999999,30,37,1000
outlier_cluster_55,56.0,9.33,0.0,27.574999999999974,28,37,1000
outlier_cluster_55,57.0,7.24,0.0,24.049999999999983,30,35,1000
outlier_cluster_55,58.0,8.2,0.0,21.52499999999999,31,35,1000
outlier_cluster_55,59.0,3.43,0.0,15.574999999999974,32,33,1000
outlier_cluster_55,60.0,2.72,0.0,12.0,34,32,1000
outlier_cluster_55,61.0,0.21,0.0,2.0,37,24,1000
outlier_cluster_55,62.0,0.09,0.0,1.0,39,21,1000
outlier_cluster_55,63.0,0.07,0.0,1.0,38,18,1000
outlier_cluster_55,64.0,0.06,0.0,1.0,40,16,1000
