layer,breakpoint,observed_count,observed_frac,null_frac
plasma_transcriptome,35.0,0,,0.0
plasma_transcriptome,36.0,0,,0.0
plasma_transcriptome,37.0,0,,0.0
plasma_transcriptome,38.0,0,,0.0
plasma_transcriptome,39.0,0,,0.0
plasma_transcriptome,40.0,0,,0.0
plasma_transcriptome,41.0,0,,0.15635811126694718
plasma_transcriptome,42.0,0,,0.020559841047218325
plasma_transcriptome,43.0,0,,0.006653810191678354
plasma_transcriptome,44.0,0,,0.043672276764843386
plasma_transcriptome,45.0,0,,0.04329651706404862
plasma_transcriptome,46.0,0,,0.0267122487143525
plasma_transcriptome,47.0,0,,0.016510051425899952
plasma_transcriptome,48.0,0,,0.016665497896213185
plasma_transcriptome,49.0,0,,0.02493279569892473
plasma_transcriptome,50.0,0,,0.02618688639551192
plasma_transcriptome,51.0,0,,0.027644927536231885
plasma_transcriptome,52.0,0,,0.0222054698457223
plasma_transcriptome,53.0,0,,0.02179932211313698
plasma_transcriptome,54.0,0,,0.03556217858812529
plasma_transcriptome,55.0,0,,0.015568606825619448
plasma_transcriptome,56.0,0,,0.03148316970546985
plasma_transcriptome,57.0,0,,0.023064516129032257
plasma_transcriptome,58.0,0,,0.030421341748480598
plasma_transcriptome,59.0,0,,0.026068840579710144
plasma_transcriptome,60.0,0,,0.02862669471715755
plasma_transcriptome,61.0,0,,0.03921984572230014
plasma_transcriptome,62.0,0,,0.03035764375876578
plasma_transcriptome,63.0,0,,0.03813405797101449
plasma_transcriptome,64.0,0,,0.016340579710144926
plasma_transcriptome,65.0,0,,0.03418536699392239
plasma_transcriptome,66.0,0,,0.03361442262739598
plasma_transcriptome,67.0,0,,0.16415497896213183
plasma_transcriptome,68.0,0,,0.0
plasma_transcriptome,69.0,0,,0.0
plasma_transcriptome,70.0,0,,0.0
plasma_proteomics,35.0,0,,0.0
plasma_proteomics,36.0,0,,0.0
plasma_proteomics,37.0,0,,0.0
plasma_proteomics,38.0,0,,0.0
plasma_proteomics,39.0,0,,0.0
plasma_proteomics,40.0,0,,0.0
plasma_proteomics,41.0,0,,0.15776490066225166
plasma_proteomics,42.0,0,,0.020728476821192054
plasma_proteomics,43.0,0,,0.006556291390728477
plasma_proteomics,44.0,0,,0.037864238410596024
plasma_proteomics,45.0,0,,0.032665562913907285
plasma_proteomics,46.0,0,,0.028327814569536425
plasma_proteomics,47.0,0,,0.016009933774834437
plasma_proteomics,48.0,0,,0.018013245033112583
plasma_proteomics,49.0,0,,0.028857615894039734
plasma_proteomics,50.0,0,,0.02402317880794702
plasma_proteomics,51.0,0,,0.02899006622516556
plasma_proteomics,52.0,0,,0.022864238410596028
plasma_proteomics,53.0,0,,0.01932119205298013
plasma_proteomics,54.0,0,,0.0352317880794702
plasma_proteomics,55.0,0,,0.018874172185430464
plasma_proteomics,56.0,0,,0.03218543046357616
plasma_proteomics,57.0,0,,0.019983443708609272
plasma_proteomics,58.0,0,,0.02968543046357616
plasma_proteomics,59.0,0,,0.028228476821192054
plasma_proteomics,60.0,0,,0.03167218543046357
plasma_proteomics,61.0,0,,0.03552980132450331
plasma_proteomics,62.0,0,,0.02435430463576159
plasma_proteomics,63.0,0,,0.04263245033112583
plasma_proteomics,64.0,0,,0.019668874172185432
plasma_proteomics,65.0,0,,0.04029801324503311
plasma_proteomics,66.0,0,,0.036473509933774836
plasma_proteomics,67.0,0,,0.1631953642384106
plasma_proteomics,68.0,0,,0.0
plasma_proteomics,69.0,0,,0.0
plasma_proteomics,70.0,0,,0.0
plasma_metabolomics_metabolite,35.0,0,,0.0
plasma_metabolomics_metabolite,36.0,0,,0.0
plasma_metabolomics_metabolite,37.0,0,,0.0
plasma_metabolomics_metabolite,38.0,0,,0.0
plasma_metabolomics_metabolite,39.0,0,,0.0
plasma_metabolomics_metabolite,40.0,0,,0.0
plasma_metabolomics_metabolite,41.0,0,,0.15624692874692875
plasma_metabolomics_metabolite,42.0,0,,0.01926289926289926
plasma_metabolomics_metabolite,43.0,0,,0.006222358722358722
plasma_metabolomics_metabolite,44.0,0,,0.03904791154791155
plasma_metabolomics_metabolite,45.0,0,,0.03398034398034398
plasma_metabolomics_metabolite,46.0,0,,0.030988943488943488
plasma_metabolomics_metabolite,47.0,0,,0.010577395577395577
plasma_metabolomics_metabolite,48.0,0,,0.01605036855036855
plasma_metabolomics_metabolite,49.0,0,,0.028888206388206387
plasma_metabolomics_metabolite,50.0,0,,0.029017199017199017
plasma_metabolomics_metabolite,51.0,0,,0.03315110565110565
plasma_metabolomics_metabolite,52.0,0,,0.021996314496314496
plasma_metabolomics_metabolite,53.0,0,,0.019355036855036856
plasma_metabolomics_metabolite,54.0,0,,0.035202702702702704
plasma_metabolomics_metabolite,55.0,0,,0.01816953316953317
plasma_metabolomics_metabolite,56.0,0,,0.033273955773955775
plasma_metabolomics_metabolite,57.0,0,,0.02205773955773956
plasma_metabolomics_metabolite,58.0,0,,0.028187960687960686
plasma_metabolomics_metabolite,59.0,0,,0.030675675675675675
plasma_metabolomics_metabolite,60.0,0,,0.035153562653562655
plasma_metabolomics_metabolite,61.0,0,,0.04090909090909091
plasma_metabolomics_metabolite,62.0,0,,0.018802211302211304
plasma_metabolomics_metabolite,63.0,0,,0.04773341523341523
plasma_metabolomics_metabolite,64.0,0,,0.020386977886977888
plasma_metabolomics_metabolite,65.0,0,,0.03827395577395577
plasma_metabolomics_metabolite,66.0,0,,0.03461302211302211
plasma_metabolomics_metabolite,67.0,0,,0.15177518427518427
plasma_metabolomics_metabolite,68.0,0,,0.0
plasma_metabolomics_metabolite,69.0,0,,0.0
plasma_metabolomics_metabolite,70.0,0,,0.0
plasma_lipidomics,35.0,0,,0.0
plasma_lipidomics,36.0,0,,0.0
plasma_lipidomics,37.0,0,,0.0
plasma_lipidomics,38.0,0,,0.0
plasma_lipidomics,39.0,0,,0.0
plasma_lipidomics,40.0,0,,0.0
plasma_lipidomics,41.0,0,,0.15400118203309693
plasma_lipidomics,42.0,0,,0.02130614657210402
plasma_lipidomics,43.0,0,,0.005531914893617021
plasma_lipidomics,44.0,0,,0.0349113475177305
plasma_lipidomics,45.0,0,,0.03178486997635934
plasma_lipidomics,46.0,0,,0.030608747044917256
plasma_lipidomics,47.0,0,,0.013953900709219858
plasma_lipidomics,48.0,0,,0.014657210401891253
plasma_lipidomics,49.0,0,,0.024397163120567375
plasma_lipidomics,50.0,0,,0.023386524822695036
plasma_lipidomics,51.0,0,,0.0341725768321513
plasma_lipidomics,52.0,0,,0.022299054373522458
plasma_lipidomics,53.0,0,,0.02465130023640662
plasma_lipidomics,54.0,0,,0.039527186761229315
plasma_lipidomics,55.0,0,,0.018250591016548464
plasma_lipidomics,56.0,0,,0.03790189125295508
plasma_lipidomics,57.0,0,,0.02150709219858156
plasma_lipidomics,58.0,0,,0.0241903073286052
plasma_lipidomics,59.0,0,,0.02258274231678487
plasma_lipidomics,60.0,0,,0.028469267139479906
plasma_lipidomics,61.0,0,,0.03523640661938534
plasma_lipidomics,62.0,0,,0.019539007092198583
plasma_lipidomics,63.0,0,,0.045153664302600476
plasma_lipidomics,64.0,0,,0.0258806146572104
plasma_lipidomics,65.0,0,,0.04533096926713948
plasma_lipidomics,66.0,0,,0.04371749408983452
plasma_lipidomics,67.0,0,,0.15705082742316784
plasma_lipidomics,68.0,0,,0.0
plasma_lipidomics,69.0,0,,0.0
plasma_lipidomics,70.0,0,,0.0
plasma_cytokine,35.0,0,0.0,0.0
plasma_cytokine,36.0,0,0.0,0.0
plasma_cytokine,37.0,0,0.0,0.0
plasma_cytokine,38.0,0,0.0,0.0
plasma_cytokine,39.0,0,0.0,0.0
plasma_cytokine,40.0,0,0.0,0.0
plasma_cytokine,41.0,33,0.9428571428571428,0.13143939393939394
plasma_cytokine,42.0,1,0.02857142857142857,0.016363636363636365
plasma_cytokine,43.0,0,0.0,0.0065151515151515155
plasma_cytokine,44.0,0,0.0,0.03378787878787879
plasma_cytokine,45.0,0,0.0,0.032196969696969696
plasma_cytokine,46.0,0,0.0,0.03424242424242424
plasma_cytokine,47.0,0,0.0,0.023484848484848483
plasma_cytokine,48.0,0,0.0,0.018636363636363635
plasma_cytokine,49.0,0,0.0,0.031136363636363636
plasma_cytokine,50.0,0,0.0,0.026515151515151516
plasma_cytokine,51.0,0,0.0,0.01446969696969697
plasma_cytokine,52.0,0,0.0,0.029545454545454545
plasma_cytokine,53.0,0,0.0,0.018863636363636364
plasma_cytokine,54.0,0,0.0,0.043787878787878785
plasma_cytokine,55.0,0,0.0,0.0275
plasma_cytokine,56.0,0,0.0,0.04068181818181818
plasma_cytokine,57.0,0,0.0,0.019166666666666665
plasma_cytokine,58.0,0,0.0,0.03909090909090909
plasma_cytokine,59.0,0,0.0,0.03409090909090909
plasma_cytokine,60.0,0,0.0,0.04681818181818182
plasma_cytokine,61.0,0,0.0,0.06386363636363636
plasma_cytokine,62.0,0,0.0,0.0271969696969697
plasma_cytokine,63.0,0,0.0,0.04446969696969697
plasma_cytokine,64.0,0,0.0,0.022424242424242423
plasma_cytokine,65.0,1,0.02857142857142857,0.03507575757575757
plasma_cytokine,66.0,0,0.0,0.03037878787878788
plasma_cytokine,67.0,0,0.0,0.10825757575757576
plasma_cytokine,68.0,0,0.0,0.0
plasma_cytokine,69.0,0,0.0,0.0
plasma_cytokine,70.0,0,0.0,0.0
clinical_test,35.0,0,,0.0
clinical_test,36.0,0,,0.0
clinical_test,37.0,0,,0.0
clinical_test,38.0,0,,0.0
clinical_test,39.0,0,,0.0
clinical_test,40.0,0,,0.0
clinical_test,41.0,0,,0.1628888888888889
clinical_test,42.0,0,,0.025333333333333333
clinical_test,43.0,0,,0.007222222222222222
clinical_test,44.0,0,,0.03755555555555556
clinical_test,45.0,0,,0.03122222222222222
clinical_test,46.0,0,,0.03144444444444444
clinical_test,47.0,0,,0.009888888888888888
clinical_test,48.0,0,,0.017444444444444443
clinical_test,49.0,0,,0.030333333333333334
clinical_test,50.0,0,,0.023333333333333334
clinical_test,51.0,0,,0.03
clinical_test,52.0,0,,0.020555555555555556
clinical_test,53.0,0,,0.020666666666666667
clinical_test,54.0,0,,0.030333333333333334
clinical_test,55.0,0,,0.016777777777777777
clinical_test,56.0,0,,0.030333333333333334
clinical_test,57.0,0,,0.02277777777777778
clinical_test,58.0,0,,0.029222222222222222
clinical_test,59.0,0,,0.026222222222222223
clinical_test,60.0,0,,0.03155555555555556
clinical_test,61.0,0,,0.03777777777777778
clinical_test,62.0,0,,0.025333333333333333
clinical_test,63.0,0,,0.04788888888888889
clinical_test,64.0,0,,0.018666666666666668
clinical_test,65.0,0,,0.03744444444444445
clinical_test,66.0,0,,0.038
clinical_test,67.0,0,,0.15977777777777777
clinical_test,68.0,0,,0.0
clinical_test,69.0,0,,0.0
clinical_test,70.0,0,,0.0
