layer,midpoint,k_per_side,n_significant,n_young,n_old,window_width_years,median_abs_d,null_mean,null_q975,p_fwer_window
plasma_transcriptome,40.0,16,0,0,0,,,0.0,0.0,1.0
plasma_transcriptome,41.0,16,0,0,0,,,0.0,0.0,1.0
plasma_transcriptome,42.0,16,0,0,0,,,0.0,0.0,1.0
plasma_transcriptome,43.0,16,0,0,0,,,0.0,0.0,1.0
plasma_transcriptome,44.0,16,0,0,0,,,0.0,0.0,1.0
plasma_transcriptome,45.0,16,0,0,0,,,0.0,0.0,1.0
plasma_transcriptome,46.0,16,0,16,16,19.25,0.2615824626098783,0.148,0.0,1.0
plasma_transcriptome,47.0,16,0,16,16,13.530000000000008,0.2584139949027629,1.724,0.0,1.0
plasma_transcriptome,48.0,16,0,16,16,12.68,0.27017333507425045,0.0,0.0,1.0
plasma_transcriptome,49.0,16,0,16,16,12.509999999999991,0.2726254659712886,0.004,0.0,1.0
plasma_transcriptome,50.0,16,0,16,16,10.39,0.24854772829807256,1.766,0.0,1.0
plasma_transcriptome,51.0,16,0,16,16,10.79,0.2293212005350792,1.944,0.0,1.0
plasma_transcriptome,52.0,16,0,16,16,10.689999999999998,0.21779381895891675,0.0,0.0,1.0
plasma_transcriptome,53.0,16,0,16,16,9.700000000000003,0.19935541288587227,0.002,0.0,1.0
plasma_transcriptome,54.0,16,0,16,16,9.330000000000005,0.1995690686657498,0.024,0.0,1.0
plasma_transcriptome,55.0,16,0,16,16,9.060000000000002,0.20773955944499636,3.796,0.0,1.0
plasma_transcriptome,56.0,16,0,16,16,9.479999999999997,0.24050853838285702,2.24,0.0,1.0
plasma_transcriptome,57.0,16,0,16,16,8.25,0.37623327955466124,3.544,0.0,1.0
plasma_transcriptome,58.0,16,0,16,16,8.010000000000005,0.3495465726822968,0.002,0.0,1.0
plasma_transcriptome,59.0,16,0,16,16,7.5800000000000125,0.22002978857502645,1.272,0.0,1.0
plasma_transcriptome,60.0,16,0,16,16,7.119999999999997,0.2158434980872882,1.36,0.0,1.0
plasma_transcriptome,61.0,16,0,16,16,8.79,0.17532380168283263,0.0,0.0,1.0
plasma_transcriptome,62.0,16,0,16,16,9.699999999999996,0.21785345382083102,0.012,0.0,1.0
plasma_transcriptome,63.0,16,0,16,16,9.960000000000008,0.2559403523316939,0.508,0.0,1.0
plasma_transcriptome,64.0,16,0,16,16,13.210000000000008,0.2265313352908651,0.066,0.0,1.0
plasma_proteomics,40.0,17,0,0,0,,,0.0,0.0,1.0
plasma_proteomics,41.0,17,0,0,0,,,0.0,0.0,1.0
plasma_proteomics,42.0,17,0,0,0,,,0.0,0.0,1.0
plasma_proteomics,43.0,17,0,0,0,,,0.0,0.0,1.0
plasma_proteomics,44.0,17,0,0,0,,,0.0,0.0,1.0
plasma_proteomics,45.0,17,0,0,0,,,0.0,0.0,1.0
plasma_proteomics,46.0,17,0,17,17,19.25,0.22788716542252216,0.03,0.0,1.0
plasma_proteomics,47.0,17,0,17,17,13.530000000000008,0.22021227354031966,0.026,0.5249999999999773,1.0
plasma_proteomics,48.0,17,0,17,17,12.68,0.20252695750183755,0.012,0.0,1.0
plasma_proteomics,49.0,17,0,17,17,12.590000000000003,0.23091680757166905,0.018,0.0,1.0
plasma_proteomics,50.0,17,0,17,17,10.369999999999997,0.2433344111456236,0.026,0.0,1.0
plasma_proteomics,51.0,17,0,17,17,10.490000000000002,0.2143079880584721,0.018,0.0,1.0
plasma_proteomics,52.0,17,0,17,17,10.18,0.20643971265075897,0.01,0.0,1.0
plasma_proteomics,53.0,17,0,17,17,9.400000000000006,0.20327420185070075,0.02,0.0,1.0
plasma_proteomics,54.0,17,0,17,17,9.050000000000004,0.24674350654874627,0.018,0.0,1.0
plasma_proteomics,55.0,17,0,17,17,8.54999999999999,0.24590861498265348,0.02,0.0,1.0
plasma_proteomics,56.0,17,0,17,17,9.049999999999997,0.22294065417563685,0.014,0.0,1.0
plasma_proteomics,57.0,17,0,17,17,8.14,0.2728688875325676,0.03,0.0,1.0
plasma_proteomics,58.0,17,0,17,17,7.280000000000001,0.24394577430656705,0.028,0.0,1.0
plasma_proteomics,59.0,17,0,17,17,8.429999999999993,0.23851719460998372,0.03,0.0,1.0
plasma_proteomics,60.0,17,0,17,17,7.400000000000013,0.24228303627795522,0.018,0.0,1.0
plasma_proteomics,61.0,17,0,17,17,9.230000000000004,0.23961976509958582,0.02,0.0,1.0
plasma_proteomics,62.0,17,0,17,17,10.21,0.21694186824444706,0.03,0.0,1.0
plasma_proteomics,63.0,17,0,17,17,10.540000000000006,0.21425526348865703,0.026,0.0,1.0
plasma_proteomics,64.0,17,0,17,17,15.050000000000004,0.23915798688392786,0.026,0.0,1.0
plasma_metabolomics_metabolite,40.0,16,0,0,0,,,0.0,0.0,1.0
plasma_metabolomics_metabolite,41.0,16,0,0,0,,,0.0,0.0,1.0
plasma_metabolomics_metabolite,42.0,16,0,0,0,,,0.0,0.0,1.0
plasma_metabolomics_metabolite,43.0,16,0,0,0,,,0.0,0.0,1.0
plasma_metabolomics_metabolite,44.0,16,0,0,0,,,0.0,0.0,1.0
plasma_metabolomics_metabolite,45.0,16,0,0,0,,,0.0,0.0,1.0
plasma_metabolomics_metabolite,46.0,16,0,16,16,19.25,0.25816033487099005,0.018,0.0,1.0
plasma_metabolomics_metabolite,47.0,16,0,16,16,13.530000000000008,0.31792913800221767,0.04,0.0,1.0
plasma_metabolomics_metabolite,48.0,16,0,16,16,13.07,0.27037178949316665,0.014,0.0,1.0
plasma_metabolomics_metabolite,49.0,16,0,16,16,13.040000000000006,0.27235573825658776,0.02,0.0,1.0
plasma_metabolomics_metabolite,50.0,16,0,16,16,10.369999999999997,0.2759434727521341,0.006,0.0,1.0
plasma_metabolomics_metabolite,51.0,16,0,16,16,10.700000000000003,0.2256436896461563,0.024,0.0,1.0
plasma_metabolomics_metabolite,52.0,16,0,16,16,10.219999999999999,0.20973562064378468,0.02,0.0,1.0
plasma_metabolomics_metabolite,53.0,16,0,16,16,9.16000000000001,0.2381930242992891,0.044,0.0,1.0
plasma_metabolomics_metabolite,54.0,16,0,16,16,9.219999999999999,0.23161883438984848,0.022,0.0,1.0
plasma_metabolomics_metabolite,55.0,16,0,16,16,8.779999999999987,0.2941694104927986,0.012,0.0,1.0
plasma_metabolomics_metabolite,56.0,16,0,16,16,9.200000000000003,0.2955601128062858,0.026,0.0,1.0
plasma_metabolomics_metabolite,57.0,16,0,16,16,8.269999999999996,0.2870063133382901,0.038,0.0,1.0
plasma_metabolomics_metabolite,58.0,16,0,16,16,8.010000000000005,0.28434727174299496,0.004,0.0,1.0
plasma_metabolomics_metabolite,59.0,16,0,16,16,8.43999999999999,0.2613761066610135,0.012,0.0,1.0
plasma_metabolomics_metabolite,60.0,16,0,16,16,7.400000000000006,0.23312096768492624,0.028,0.0,1.0
plasma_metabolomics_metabolite,61.0,16,0,16,16,9.07,0.24966144989768652,0.004,0.0,1.0
plasma_metabolomics_metabolite,62.0,16,0,16,16,10.169999999999995,0.21798770787246496,0.014,0.0,1.0
plasma_metabolomics_metabolite,63.0,16,0,16,16,10.189999999999998,0.21006341427288433,0.018,0.0,1.0
plasma_metabolomics_metabolite,64.0,16,0,16,16,13.220000000000006,0.26312023790317446,0.094,0.0,1.0
plasma_lipidomics,40.0,16,0,0,0,,,0.0,0.0,1.0
plasma_lipidomics,41.0,16,0,0,0,,,0.0,0.0,1.0
plasma_lipidomics,42.0,16,0,0,0,,,0.0,0.0,1.0
plasma_lipidomics,43.0,16,0,0,0,,,0.0,0.0,1.0
plasma_lipidomics,44.0,16,0,0,0,,,0.0,0.0,1.0
plasma_lipidomics,45.0,16,0,16,16,24.62,0.2157171284979663,0.77,0.0,1.0
plasma_lipidomics,46.0,16,0,16,16,17.79,0.3038004541868784,2.416,0.0,1.0
plasma_lipidomics,47.0,16,0,16,16,12.940000000000005,0.14715527658870725,1.956,0.0,1.0
plasma_lipidomics,48.0,16,0,16,16,11.969999999999999,0.18081947522535333,0.39,0.0,1.0
plasma_lipidomics,49.0,16,0,16,16,12.509999999999991,0.1399432082257845,1.528,0.0,1.0
plasma_lipidomics,50.0,16,0,16,16,10.36999999999999,0.25600299572274576,1.574,0.0,1.0
plasma_lipidomics,51.0,16,0,16,16,10.700000000000003,0.20980662576540182,2.264,0.0,1.0
plasma_lipidomics,52.0,16,0,16,16,10.219999999999999,0.1483566443132697,1.104,0.0,1.0
plasma_lipidomics,53.0,16,0,16,16,9.700000000000003,0.23781431936721947,2.782,0.0,1.0
plasma_lipidomics,54.0,16,0,16,16,9.330000000000005,0.1547023562610516,4.096,0.0,1.0
plasma_lipidomics,55.0,16,0,16,16,8.949999999999989,0.20862826691357383,3.328,0.0,1.0
plasma_lipidomics,56.0,16,0,16,16,9.280000000000001,0.42767672750241503,1.778,0.0,1.0
plasma_lipidomics,57.0,16,0,16,16,8.269999999999996,0.14329334758528509,1.898,0.0,1.0
plasma_lipidomics,58.0,16,0,16,16,8.010000000000005,0.14952507292347594,1.312,0.0,1.0
plasma_lipidomics,59.0,16,0,16,16,8.43999999999999,0.21726251724035117,2.342,0.0,1.0
plasma_lipidomics,60.0,16,0,16,16,7.400000000000013,0.14260788137478053,1.834,0.0,1.0
plasma_lipidomics,61.0,16,0,16,16,9.07,0.1380607579811814,1.46,0.0,1.0
plasma_lipidomics,62.0,16,0,16,16,10.169999999999995,0.14109358318656126,0.656,0.0,1.0
plasma_lipidomics,63.0,16,0,16,16,10.189999999999998,0.20340431124411762,0.83,0.0,1.0
plasma_lipidomics,64.0,16,0,16,16,13.220000000000006,0.17886966548471286,1.272,0.0,1.0
plasma_cytokine,40.0,15,0,0,0,,,0.0,0.0,1.0
plasma_cytokine,41.0,15,0,0,0,,,0.0,0.0,1.0
plasma_cytokine,42.0,15,0,0,0,,,0.0,0.0,1.0
plasma_cytokine,43.0,15,0,0,0,,,0.0,0.0,1.0
plasma_cytokine,44.0,15,0,0,0,,,0.0,0.0,1.0
plasma_cytokine,45.0,15,0,15,15,21.35,0.38770994230435074,0.086,0.0,1.0
plasma_cytokine,46.0,15,0,15,15,13.530000000000008,0.24632907599404866,0.024,0.0,1.0
plasma_cytokine,47.0,15,1,15,15,12.68,0.3153170229545704,0.126,0.0,0.25349301397205587
plasma_cytokine,48.0,15,0,15,15,12.740000000000002,0.24809693599931704,0.066,0.0,1.0
plasma_cytokine,49.0,15,0,15,15,10.379999999999988,0.3406668036418474,0.036,0.0,1.0
plasma_cytokine,50.0,15,0,15,15,10.330000000000005,0.36536272784958534,0.048,0.0,1.0
plasma_cytokine,51.0,15,0,15,15,10.490000000000002,0.42289413913368007,0.144,0.0,1.0
plasma_cytokine,52.0,15,0,15,15,10.700000000000003,0.4653929732877937,0.072,0.0,1.0
plasma_cytokine,53.0,15,0,15,15,9.850000000000001,0.17745622817124063,0.148,0.0,1.0
plasma_cytokine,54.0,15,0,15,15,9.54,0.3485960174698588,0.046,0.0,1.0
plasma_cytokine,55.0,15,0,15,15,9.020000000000003,0.3249814139703784,0.134,0.0,1.0
plasma_cytokine,56.0,15,0,15,15,8.525890410958915,0.3182773984833127,0.018,0.0,1.0
plasma_cytokine,57.0,15,0,15,15,7.400000000000006,0.2790536328324558,0.024,0.0,1.0
plasma_cytokine,58.0,15,0,15,15,6.930000000000007,0.23568688308371438,0.194,0.0,1.0
plasma_cytokine,59.0,15,0,15,15,7.549999999999997,0.3743289946588093,0.21,0.0,1.0
plasma_cytokine,60.0,15,0,15,15,7.340000000000003,0.30108760374679105,0.214,0.0,1.0
plasma_cytokine,61.0,15,0,15,15,10.79999999999999,0.24020157402114833,0.186,0.0,1.0
plasma_cytokine,62.0,15,0,15,15,10.32,0.19327699911191049,0.128,0.0,1.0
plasma_cytokine,63.0,15,0,15,15,12.310000000000002,0.3036516885149174,0.088,0.0,1.0
plasma_cytokine,64.0,15,0,0,0,,,0.0,0.0,1.0
clinical_test,40.0,16,0,0,0,,,0.0,0.0,1.0
clinical_test,41.0,16,0,0,0,,,0.0,0.0,1.0
clinical_test,42.0,16,0,0,0,,,0.0,0.0,1.0
clinical_test,43.0,16,0,0,0,,,0.0,0.0,1.0
clinical_test,44.0,16,0,0,0,,,0.0,0.0,1.0
clinical_test,45.0,16,0,16,16,24.79000000000001,0.2771885114296607,0.016,0.0,1.0
clinical_test,46.0,16,0,16,16,17.79,0.2576979393895014,0.032,0.5249999999999773,1.0
clinical_test,47.0,16,0,16,16,12.940000000000005,0.3211471415600674,0.05,1.0,1.0
clinical_test,48.0,16,0,16,16,12.200000000000003,0.3122449556312931,0.048,1.0,1.0
clinical_test,49.0,16,0,16,16,12.29,0.22455910604333848,0.028,0.0,1.0
clinical_test,50.0,16,0,16,16,10.169999999999995,0.2112842445880969,0.024,0.0,1.0
clinical_test,51.0,16,0,16,16,10.490000000000002,0.1250147321151338,0.05,1.0,1.0
clinical_test,52.0,16,0,16,16,10.18,0.22664457320778425,0.048,1.0,1.0
clinical_test,53.0,16,0,16,16,8.860000000000014,0.2596483298226625,0.05,1.0,1.0
clinical_test,54.0,16,0,16,16,8.840000000000003,0.2991725935112606,0.034,1.0,1.0
clinical_test,55.0,16,0,16,16,8.350000000000001,0.2815250484795499,0.038,0.5249999999999773,1.0
clinical_test,56.0,16,0,16,16,9.04999999999999,0.3508782755531727,0.052,0.0,1.0
clinical_test,57.0,16,0,16,16,8.04,0.26014423227809225,0.056,1.0,1.0
clinical_test,58.0,16,0,16,16,7.230000000000011,0.2634218890135202,0.02,0.0,1.0
clinical_test,59.0,16,0,16,16,7.5800000000000125,0.25605032221318785,0.02,0.0,1.0
clinical_test,60.0,16,0,16,16,7.119999999999997,0.19057422446425717,0.03,0.0,1.0
clinical_test,61.0,16,0,16,16,8.79,0.22416434574115496,0.014,0.0,1.0
clinical_test,62.0,16,0,16,16,9.699999999999996,0.2276850433532211,0.026,0.0,1.0
clinical_test,63.0,16,0,16,16,9.960000000000008,0.1752540978793713,0.04,0.0,1.0
clinical_test,64.0,16,0,16,16,13.210000000000008,0.24840775658414266,0.044,1.0,1.0
