layer,dropped_subject_index,dropped_subject_age,median_supF_full,median_supF_dropped,supF_retention
plasma_cytokine,0,59.48,35.504388155748,35.144896293866765,0.9898747202654431
plasma_cytokine,1,58.4,35.504388155748,35.115213403884894,0.9890386858617052
plasma_cytokine,2,25.91,35.504388155748,0.9780204099341075,0.02754646568316571
plasma_cytokine,3,57.86,35.504388155748,40.52446308489317,1.1413930837823054
plasma_cytokine,4,58.02,35.504388155748,35.101722089222605,0.9886586957995442
plasma_cytokine,5,65.24,35.504388155748,35.24524038088252,0.9927009649137264
plasma_cytokine,6,61.17,35.504388155748,35.15338311920662,0.9901137562207348
plasma_cytokine,7,56.22,35.504388155748,35.06828644872168,0.9877169631789382
plasma_cytokine,8,49.18,35.504388155748,34.89888679674203,0.9829457317684281
plasma_cytokine,9,64.81,35.504388155748,35.18512370669578,0.9910077467705766
plasma_cytokine,10,59.21,35.504388155748,35.12002015544735,0.9891740705792609
plasma_cytokine,11,44.81,35.504388155748,35.47999322845847,0.9993129038815562
plasma_cytokine,12,60.17999999999999,35.504388155748,35.158239755533,0.9902505459692322
plasma_cytokine,13,46.04,35.504388155748,34.934849859276206,0.98395865057656
plasma_cytokine,14,67.47,35.504388155748,35.11717510844652,0.9890939383153742
plasma_cytokine,15,66.81,35.504388155748,35.160274804734925,0.9903078642137544
plasma_cytokine,16,49.69,35.504388155748,34.98411933862959,0.9853463517006367
plasma_cytokine,17,33.79,35.504388155748,37.190730223654086,1.0474967223912877
plasma_cytokine,18,59.25,35.504388155748,35.12774086755265,0.9893915285473136
plasma_cytokine,19,54.15999999999999,35.504388155748,35.09703960270775,0.9885268110732306
plasma_cytokine,20,45.43,35.504388155748,34.87946906504149,0.9823988210143162
plasma_cytokine,21,60.18,35.504388155748,35.09153511012062,0.988371774108138
plasma_cytokine,22,61.0,35.504388155748,35.14164156820066,0.9897830491837777
plasma_cytokine,23,54.74,35.504388155748,35.03219765135083,0.986700502982172
plasma_cytokine,24,38.8,35.504388155748,32.35187148126603,0.9112076890143058
plasma_cytokine,25,60.19,35.504388155748,35.130630707630914,0.9894729224320803
plasma_cytokine,26,40.97,35.504388155748,31.87676535177831,0.8978260718631086
plasma_cytokine,27,55.62,35.504388155748,35.598850296117575,1.0026605764886074
plasma_cytokine,28,43.99,35.504388155748,34.899692287958246,0.982968418857491
plasma_cytokine,29,63.45,35.504388155748,35.0022630183681,0.9858573781027511
plasma_cytokine,30,69.0,35.504388155748,35.282062612508135,0.9937380826768627
plasma_cytokine,31,56.26,35.504388155748,35.17265848510763,0.990656657166287
plasma_cytokine,32,60.34,35.504388155748,35.30844974347664,0.9944812902728578
plasma_cytokine,33,53.72,35.504388155748,35.05542660695025,0.9873547588870344
plasma_cytokine,34,52.25,35.504388155748,34.99740354030021,0.9857205083150908
plasma_cytokine,35,31.37,35.504388155748,39.415592330364134,1.1101611484602623
plasma_cytokine,36,60.6,35.504388155748,35.121770806323966,0.9892233785934966
plasma_cytokine,37,63.260000000000005,35.504388155748,35.14591063675635,0.9899032897731088
plasma_cytokine,38,62.79999999999999,35.504388155748,35.17679700199096,0.9907732206982419
plasma_cytokine,39,62.92,35.504388155748,35.17234286015869,0.9906477674215165
plasma_cytokine,40,67.09,35.504388155748,35.23439241414487,0.9923954261535578
plasma_cytokine,41,55.85999999999999,35.504388155748,35.06184060105629,0.987535412446755
plasma_cytokine,42,44.41,35.504388155748,34.83209523154948,0.9810645117654371
plasma_cytokine,43,51.58,35.504388155748,35.044790512719885,0.9870551876288647
plasma_cytokine,44,47.52,35.504388155748,35.01031090246983,0.9860840510443163
plasma_cytokine,45,50.7,35.504388155748,35.02095269730862,0.9863837828631582
plasma_cytokine,46,57.04,35.504388155748,35.09237061814849,0.9883953066366866
plasma_cytokine,47,50.53,35.504388155748,34.92070070507689,0.9835601321135112
plasma_cytokine,48,60.5,35.504388155748,35.104649184245616,0.9887411389896696
plasma_cytokine,49,58.19,35.504388155748,35.100128821493456,0.98861382056547
plasma_cytokine,50,56.73,35.504388155748,35.07703665058698,0.9879634172743282
plasma_cytokine,51,32.33,35.504388155748,40.56904298458608,1.1426487003978447
plasma_cytokine,52,71.56,35.504388155748,35.01607624238849,0.9862464349134136
plasma_cytokine,53,69.44,35.504388155748,35.16953369292912,0.9905686457304949
plasma_cytokine,54,29.18,35.504388155748,49.92883016643827,1.4062720908585777
plasma_cytokine,55,54.36999999999999,35.504388155748,35.00960824598181,0.9860642603501367
plasma_cytokine,56,40.26,35.504388155748,31.866221742060226,0.8975291054804792
plasma_cytokine,57,44.0,35.504388155748,34.67361553084644,0.9766008465979701
plasma_cytokine,58,45.43,35.504388155748,34.72860868360347,0.9781497580315592
plasma_cytokine,59,40.98,35.504388155748,34.33190989297635,0.9669765253346061
plasma_cytokine,60,50.19,35.504388155748,34.89962619867549,0.9829665574176469
plasma_cytokine,61,48.32,35.504388155748,34.96514406880195,0.9848119031208047
plasma_cytokine,62,73.4,35.504388155748,33.88301210132355,0.9543330799755816
plasma_cytokine,63,75.23,35.504388155748,35.20427517670492,0.9915471581223546
plasma_cytokine,64,63.04,35.504388155748,35.159505000280134,0.9902861822613317
plasma_cytokine,65,68.86,35.504388155748,35.2585379327265,0.9930754975429226
plasma_cytokine,66,69.79,35.504388155748,35.22838767453085,0.9922262994645503
plasma_cytokine,67,61.94,35.504388155748,35.16707121205427,0.990499288645279
plasma_cytokine,68,45.68,35.504388155748,34.81847387893579,0.9806808591151241
plasma_cytokine,69,46.05,35.504388155748,34.82645619763993,0.9809056853723497
plasma_cytokine,70,45.06,35.504388155748,34.799139444339545,0.980136294468314
plasma_cytokine,71,56.13,35.504388155748,35.06224685463027,0.9875468547950134
plasma_cytokine,72,47.19,35.504388155748,34.958685830351286,0.9846300033955557
plasma_cytokine,73,53.68,35.504388155748,35.014884479331336,0.9862128682722443
plasma_cytokine,74,39.39,35.504388155748,32.13931237610711,0.9052208486207611
plasma_cytokine,75,52.46,35.504388155748,34.98662304486302,0.9854168699200311
plasma_cytokine,76,48.97,35.504388155748,34.90219254265332,0.9830388398624694
plasma_cytokine,77,41.65,35.504388155748,34.80179021720417,0.9802109548976953
plasma_cytokine,78,52.94,35.504388155748,36.36203751130754,1.0241561508340113
plasma_cytokine,79,65.41,35.504388155748,34.856569563532226,0.9817538443593514
plasma_cytokine,80,55.92,35.504388155748,35.080167806651,0.9880516079523447
plasma_cytokine,81,60.95000000000001,35.504388155748,35.13544270154088,0.9896084548031455
plasma_cytokine,82,54.39,35.504388155748,36.59980060086854,1.030852874870432
plasma_cytokine,83,48.85999999999999,35.504388155748,34.914116133966075,0.9833746741616116
plasma_cytokine,84,68.82,35.504388155748,34.80743035160405,0.9803698122866786
plasma_cytokine,85,52.330000000000005,35.504388155748,35.24565504375616,0.992712644114388
plasma_cytokine,86,54.02,35.504388155748,35.01330577834004,0.9861684033180992
plasma_cytokine,87,59.12,35.504388155748,35.12736147124869,0.9893808426483679
plasma_cytokine,88,41.43,35.504388155748,35.05636433957021,0.987381170625658
plasma_cytokine,89,60.105890410958914,35.504388155748,35.09267780856784,0.9884039588184396
plasma_cytokine,90,57.818,35.504388155748,35.10565700881376,0.9887695249053406
clinical_test,0,59.47999999999999,11.867616483740814,11.821554046581626,0.9961186446139125
clinical_test,1,58.4,11.867616483740814,11.725662446974942,0.9880385385759343
clinical_test,2,25.91,11.867616483740814,11.640468727759686,0.980859867160998
clinical_test,3,57.86,11.867616483740814,11.38046852806029,0.9589514915359845
clinical_test,4,58.02,11.867616483740814,13.317373747876879,1.1221607781244278
clinical_test,5,65.24,11.867616483740814,13.31066651019017,1.1215956067021884
clinical_test,6,61.17,11.867616483740814,12.902543286353454,1.0872059527732918
clinical_test,7,56.22,11.867616483740814,12.519953721516899,1.0549678394705302
clinical_test,8,49.18,11.867616483740814,11.803347260019542,0.9945844876425419
clinical_test,9,64.81,11.867616483740814,11.695421680027284,0.98549036329667
clinical_test,10,59.21,11.867616483740814,11.247921002237096,0.9477826501764082
clinical_test,11,44.81,11.867616483740814,11.730257604344672,0.9884257399466582
clinical_test,12,60.18,11.867616483740814,11.453856383428285,0.9651353664082927
clinical_test,13,46.04,11.867616483740814,11.763804273053283,0.9912524801564191
clinical_test,14,67.47,11.867616483740814,11.702343896690328,0.9860736494748615
clinical_test,15,66.81,11.867616483740814,11.721043643231312,0.9876493446927347
clinical_test,16,33.79,11.867616483740814,13.906691458859852,1.1718184083478485
clinical_test,17,59.25,11.867616483740814,11.446591819826944,0.9645232330779568
clinical_test,18,54.16,11.867616483740814,11.683286371842293,0.984467806812677
clinical_test,19,45.43,11.867616483740814,11.70670874864006,0.9864414446387607
clinical_test,20,60.17999999999999,11.867616483740814,11.581304755503126,0.9758745381913926
clinical_test,21,61.0,11.867616483740814,12.32580332131246,1.0386081601305015
clinical_test,22,54.74,11.867616483740814,11.65552784874008,0.9821287926441417
clinical_test,23,38.8,11.867616483740814,11.788860948133308,0.9933638287253885
clinical_test,24,60.19,11.867616483740814,11.983732205629318,1.009784249604593
clinical_test,25,40.97,11.867616483740814,11.764772317852794,0.991334050436419
clinical_test,26,43.99,11.867616483740814,11.651822226258929,0.9818165460791951
clinical_test,27,63.45,11.867616483740814,11.803610877348122,0.9946067008080027
clinical_test,28,69.0,11.867616483740814,11.025054283504833,0.9290032500300013
clinical_test,29,56.26,11.867616483740814,11.487353679315524,0.9679579463200324
clinical_test,30,60.34,11.867616483740814,12.592979428198499,1.061121198637609
clinical_test,31,53.72,11.867616483740814,11.6239282477569,0.9794661180433512
clinical_test,32,52.25,11.867616483740814,12.317425297083638,1.0379022033581118
clinical_test,33,31.37,11.867616483740814,11.640105714154327,0.9808292785751723
clinical_test,34,60.6,11.867616483740814,11.503903368165604,0.969352471402028
clinical_test,35,63.260000000000005,11.867616483740814,12.49728805435154,1.0530579642064946
clinical_test,36,62.79999999999999,11.867616483740814,11.165062289095802,0.9408007331878694
clinical_test,37,62.92,11.867616483740814,11.560779806827167,0.9741450461148599
clinical_test,38,67.09,11.867616483740814,11.674145704828085,0.9836975875334535
clinical_test,39,55.86,11.867616483740814,11.83775278533075,0.9974835976161701
clinical_test,40,54.36,11.867616483740814,12.14931852348782,1.0237370360032236
clinical_test,41,44.41,11.867616483740814,11.78792174583808,0.9932846887989749
clinical_test,42,51.58,11.867616483740814,11.750255447542271,0.9901108165772518
clinical_test,43,50.98,11.867616483740814,11.711672798572456,0.9868597299734105
clinical_test,44,47.52,11.867616483740814,11.904342214208578,1.0030946172315292
clinical_test,45,50.70000000000001,11.867616483740814,11.718386780275324,0.9874254696661338
clinical_test,46,57.04,11.867616483740814,11.57168658053417,0.9750640826983176
clinical_test,47,50.53,11.867616483740814,11.739130496329254,0.9891733957203966
clinical_test,48,60.5,11.867616483740814,12.265279388966366,1.0335082369547726
clinical_test,49,58.19,11.867616483740814,11.843875749928937,0.9979995364827973
clinical_test,50,56.73,11.867616483740814,11.519566808815366,0.9706723186241911
clinical_test,51,32.33,11.867616483740814,11.900513497254039,1.0027719983670096
clinical_test,52,71.56,11.867616483740814,12.093236312607955,1.019011385241194
clinical_test,53,69.44,11.867616483740814,14.111334652060073,1.1890622410484242
clinical_test,54,29.18,11.867616483740814,10.626452341870028,0.8954158871268515
clinical_test,55,54.37,11.867616483740814,12.433340834463769,1.0476695848318003
clinical_test,56,40.26,11.867616483740814,11.652733374653248,0.9818933221020442
clinical_test,57,44.0,11.867616483740814,11.714176750591623,0.9870707202782116
clinical_test,58,45.43,11.867616483740814,12.719341084616019,1.0717688005878945
clinical_test,59,40.98,11.867616483740814,11.487706274371398,0.9679876570084724
clinical_test,60,50.19,11.867616483740814,11.79387607272837,0.9937864177601735
clinical_test,61,48.32,11.867616483740814,11.97039826286342,1.0086606926726542
clinical_test,62,73.4,11.867616483740814,9.036294325987635,0.7614245319072939
clinical_test,63,75.23,11.867616483740814,8.917030236399693,0.7513749916519833
clinical_test,64,63.04,11.867616483740814,10.843094987736665,0.9136708287289371
clinical_test,65,68.86,11.867616483740814,11.140340771868642,0.9387176259977247
clinical_test,66,69.79,11.867616483740814,11.02408036778302,0.9289211850489542
clinical_test,67,61.94,11.867616483740814,11.984959564491135,1.0098876704442787
clinical_test,68,45.68,11.867616483740814,11.719645647837158,0.9875315455208395
clinical_test,69,46.05,11.867616483740814,12.180142930779702,1.0263343905212192
clinical_test,70,45.06,11.867616483740814,11.69255398049693,0.9852487225649963
clinical_test,71,56.13,11.867616483740814,11.585455359699184,0.9762242802142954
clinical_test,72,53.68,11.867616483740814,11.676979641179413,0.9839363832811262
clinical_test,73,39.39,11.867616483740814,11.651789408566367,0.981813780764643
clinical_test,74,52.46,11.867616483740814,11.714642444523937,0.9871099610080543
clinical_test,75,48.97,11.867616483740814,11.802878102936733,0.9945449550975315
clinical_test,76,41.65,11.867616483740814,12.015849542171688,1.0124905501145878
clinical_test,77,52.94,11.867616483740814,12.123952835066342,1.0215996490682624
clinical_test,78,65.41,11.867616483740814,11.668353434633657,0.9832095139424031
clinical_test,79,55.92,11.867616483740814,12.44471886350096,1.0486283307647162
clinical_test,80,60.95000000000001,11.867616483740814,12.872747402348267,1.08469526462913
clinical_test,81,54.39,11.867616483740814,11.93309251836598,1.005517201766241
clinical_test,82,48.85999999999999,11.867616483740814,11.790715179029332,0.9935200716321732
clinical_test,83,68.82,11.867616483740814,13.340899972746152,1.1241431664920924
clinical_test,84,52.330000000000005,11.867616483740814,12.046023064608864,1.015033059175149
clinical_test,85,54.02,11.867616483740814,11.956855803393127,1.007519565514657
clinical_test,86,59.12,11.867616483740814,11.877250295927618,1.0008117731306874
clinical_test,87,41.43,11.867616483740814,11.551932034830454,0.9733995070246108
clinical_test,88,60.71,11.867616483740814,12.58091892198632,1.0601049451861513
clinical_test,89,51.13,11.867616483740814,11.745211311456037,0.989685782949552
clinical_test,90,50.9,11.867616483740814,11.733516946618652,0.9887003816389007
clinical_test,91,67.9,11.867616483740814,12.734447939461381,1.0730417482658094
clinical_test,92,64.56,11.867616483740814,11.506498618007639,0.9695711547278323
clinical_test,93,62.88,11.867616483740814,11.330198498738367,0.9547155921546053
clinical_test,94,61.95000000000001,11.867616483740814,12.167090771480332,1.0252345774865417
clinical_test,95,66.08,11.867616483740814,13.141001604818763,1.107299146616555
clinical_test,96,50.02,11.867616483740814,11.972396665006226,1.0088290838694498
clinical_test,97,57.720000000000006,11.867616483740814,12.203179434226547,1.028275513532601
clinical_test,98,49.69,11.867616483740814,12.045017513379436,1.0149483284939036
clinical_test,99,58.65,11.867616483740814,12.320326674754215,1.0381466819081686
